电影名,电影详情页地址,发布日期,下载方法,下载地址
2026剧情《韩国制造的我》1080p.HD中字,https://www.6v520.net//dy/2026-03-12/49120.html,2026-03-13,磁力,magnet:?xt=urn:btih:79a8674934a0c32eb2c0d80acdea154af1aad530&dn=%E9%9F%A9%E5%9B%BD%E5%88%B6%E9%80%A0%E7%9A%84%E6%88%91.6v%E7%94%B5%E5%BD%B1%20%E5%9C%B0%E5%9D%80%E5%8F%91%E5%B8%83%E9%A1%B5%20www.6v123.net%20%E6%94%B6%E8%97%8F%E4%B8%8D%E8%BF%B7%E8%B7%AF
2025科幻《时空穿越》1080p.HD中字,https://www.6v520.net//dy/2026-03-12/49108.html,2026-03-13,磁力,magnet:?xt=urn:btih:b784b08fa63360ae470ede25de76bca53c26e09c&dn=%E6%97%B6%E7%A9%BA%E7%A9%BF%E8%B6%8A.6v%E7%94%B5%E5%BD%B1%20%E5%9C%B0%E5%9D%80%E5%8F%91%E5%B8%83%E9%A1%B5%20www.6v123.net%20%E6%94%B6%E8%97%8F%E4%B8%8D%E8%BF%B7%E8%B7%AF
2025惊悚剧情《母亲的宝贝》1080p.HD中字,https://www.6v520.net//dy/2026-03-08/49071.html,2026-03-13,磁力,magnet:?xt=urn:btih:38261aec589173d91f22de543ba0be37c0f5ec05&dn=%E6%AF%8D%E4%BA%B2%E7%9A%84%E5%AE%9D%E8%B4%9D.6v%E7%94%B5%E5%BD%B1%20%E5%9C%B0%E5%9D%80%E5%8F%91%E5%B8%83%E9%A1%B5%20www.6v123.net%20%E6%94%B6%E8%97%8F%E4%B8%8D%E8%BF%B7%E8%B7%AF
2026动作惊悚《再一英里》1080p.HD中英双字,https://www.6v520.net//dy/2026-03-12/49122.html,2026-03-13,磁力,magnet:?xt=urn:btih:8795dcc83b0358dfa14b1af0af961311e988c776&dn=%E5%86%8D%E4%B8%80%E8%8B%B1%E9%87%8C.6v%E7%94%B5%E5%BD%B1%20%E5%9C%B0%E5%9D%80%E5%8F%91%E5%B8%83%E9%A1%B5%20www.6v123.net%20%E6%94%B6%E8%97%8F%E4%B8%8D%E8%BF%B7%E8%B7%AF
2026动作惊悚《阿姆斯特丹的水鬼2》1080p.HD中英双字,https://www.6v520.net//dy/2026-03-12/49124.html,2026-03-13,磁力,magnet:?xt=urn:btih:dcae3d6eaff59a3f778fdc427d2e54e9633336e8&dn=%E9%98%BF%E5%A7%86%E6%96%AF%E7%89%B9%E4%B8%B9%E7%9A%84%E6%B0%B4%E9%AC%BC2.6v%E7%94%B5%E5%BD%B1%20%E5%9C%B0%E5%9D%80%E5%8F%91%E5%B8%83%E9%A1%B5%20www.6v123.net%20%E6%94%B6%E8%97%8F%E4%B8%8D%E8%BF%B7%E8%B7%AF
2026剧情《安·李的遗嘱》1080p.HD中英双字,https://www.6v520.net//dy/2026-03-12/49123.html,2026-03-13,磁力,magnet:?xt=urn:btih:adb5e6217eb97ef70b8e2cbfd374ecdeb42bf6f0&dn=%E5%AE%89%C2%B7%E6%9D%8E%E7%9A%84%E9%81%97%E5%98%B1.6v%E7%94%B5%E5%BD%B1%20%E5%9C%B0%E5%9D%80%E5%8F%91%E5%B8%83%E9%A1%B5%20www.6v123.net%20%E6%94%B6%E8%97%8F%E4%B8%8D%E8%BF%B7%E8%B7%AF
豆瓣2025年度电影榜单,https://www.6v520.net//dy/2026-03-13/49126.html,2026-03-13,,
2026纪录片《路易斯·泰鲁：解构男性圈》1080p.HD中英双字,https://www.6v520.net//dy/2026-03-11/49100.html,2026-03-12,磁力,magnet:?xt=urn:btih:c4fa7f62fb9084ce361564e4b1cb24832b5deeaa&dn=%E8%B7%AF%E6%98%93%E6%96%AF%C2%B7%E6%B3%B0%E9%B2%81%EF%BC%9A%E8%A7%A3%E6%9E%84%E7%94%B7%E6%80%A7%E5%9C%88.6v%E7%94%B5%E5%BD%B1%20%E5%9C%B0%E5%9D%80%E5%8F%91%E5%B8%83%E9%A1%B5%20www.6v123.net%20%E6%94%B6%E8%97%8F%E4%B8%8D%E8%BF%B7%E8%B7%AF
2026动作《洛杉矶劫案》1080p.HD中字,https://www.6v520.net//dy/2026-03-12/49116.html,2026-03-12,磁力,magnet:?xt=urn:btih:b6eaaee4791a4c31bd932865a89f50f329e3158e&dn=%E6%B4%9B%E6%9D%89%E7%9F%B6%E5%8A%AB%E6%A1%88.6v%E7%94%B5%E5%BD%B1%20%E5%9C%B0%E5%9D%80%E5%8F%91%E5%B8%83%E9%A1%B5%20www.6v123.net%20%E6%94%B6%E8%97%8F%E4%B8%8D%E8%BF%B7%E8%B7%AF
2024惊悚《游击队员》1080p.BD中英双字,https://www.6v520.net//dy/2026-03-12/49115.html,2026-03-12,磁力,magnet:?xt=urn:btih:33b48fae0b017e4dda32e6a6c35df195f9a8760a&dn=%E6%B8%B8%E5%87%BB%E9%98%9F%E5%91%98.6v%E7%94%B5%E5%BD%B1%20%E5%9C%B0%E5%9D%80%E5%8F%91%E5%B8%83%E9%A1%B5%20www.6v123.net%20%E6%94%B6%E8%97%8F%E4%B8%8D%E8%BF%B7%E8%B7%AF
2026动作《蝶影追踪》1080p.HD国语中字,https://www.6v520.net//dy/2026-03-12/49103.html,2026-03-12,磁力,magnet:?xt=urn:btih:92a39ecafee57be7a6340e8afa3ba2b1afe59e01&dn=%E8%9D%B6%E5%BD%B1%E8%BF%BD%E8%B8%AA.6v%E7%94%B5%E5%BD%B1%20%E5%9C%B0%E5%9D%80%E5%8F%91%E5%B8%83%E9%A1%B5%20www.6v123.net%20%E6%94%B6%E8%97%8F%E4%B8%8D%E8%BF%B7%E8%B7%AF
2025恐怖惊悚《死神之夜》1080p.HD中字,https://www.6v520.net//dy/2026-03-12/49104.html,2026-03-12,磁力,magnet:?xt=urn:btih:fa96ccb28abc40e0b81677997b1675fa1aa7579e&dn=%E6%AD%BB%E7%A5%9E%E4%B9%8B%E5%A4%9C.6v%E7%94%B5%E5%BD%B1%20%E5%9C%B0%E5%9D%80%E5%8F%91%E5%B8%83%E9%A1%B5%20www.6v123.net%20%E6%94%B6%E8%97%8F%E4%B8%8D%E8%BF%B7%E8%B7%AF
2025剧情《敌》1080p.BD中字,https://www.6v520.net//dy/2026-03-12/49107.html,2026-03-12,磁力,magnet:?xt=urn:btih:8a1a94ad129f51226db1da2af98abaa0adce1565&dn=%E6%95%8C.6v%E7%94%B5%E5%BD%B1%20%E5%9C%B0%E5%9D%80%E5%8F%91%E5%B8%83%E9%A1%B5%20www.6v123.net%20%E6%94%B6%E8%97%8F%E4%B8%8D%E8%BF%B7%E8%B7%AF
2025高分剧情《看我今天怎么说》1080p.BD中字,https://www.6v520.net//dy/2026-01-25/48759.html,2026-03-12,磁力,magnet:?xt=urn:btih:4a4e217ff9d54a47e162c8b70f57d2168b19d764&dn=%E7%9C%8B%E6%88%91%E4%BB%8A%E5%A4%A9%E6%80%8E%E4%B9%88%E8%AF%B4.6v%E7%94%B5%E5%BD%B1%20%E5%9C%B0%E5%9D%80%E5%8F%91%E5%B8%83%E9%A1%B5%20www.6v123.net%20%E6%94%B6%E8%97%8F%E4%B8%8D%E8%BF%B7%E8%B7%AF
2025高分剧情《看我今天怎么说》1080p.BD中字,https://www.6v520.net//dy/2026-01-25/48759.html,2026-03-12,磁力,magnet:?xt=urn:btih:a405fb33f0e089b8184437ae9dcf16627812222c&dn=%E7%9C%8B%E6%88%91%E4%BB%8A%E5%A4%A9%E6%80%8E%E4%B9%88%E8%AF%B4.6v%E7%94%B5%E5%BD%B1%20%E5%9C%B0%E5%9D%80%E5%8F%91%E5%B8%83%E9%A1%B5%20www.6v123.com%20%E6%94%B6%E8%97%8F%E4%B8%8D%E8%BF%B7%E8%B7%AF
2025高分科幻《团战之夜》1080p.HD中英双字,https://www.6v520.net//dy/2026-03-10/49094.html,2026-03-11,磁力,magnet:?xt=urn:btih:0113200f3a209352089476cd6fbf2a5a206162e6&dn=%E5%9B%A2%E6%88%98%E4%B9%8B%E5%A4%9C.%E7%94%B5%E5%BD%B1%E6%B8%AF%20%E5%9C%B0%E5%9D%80%E5%8F%91%E5%B8%83%E9%A1%B5%20www.dygang.me%20%E6%94%B6%E8%97%8F%E4%B8%8D%E8%BF%B7%E8%B7%AF
2025剧情《左撇子女孩》1080p.BD中字,https://www.6v520.net//dy/2025-11-28/48381.html,2026-03-11,磁力,magnet:?xt=urn:btih:daccf2907b48029a87b6832191afefaefb4a073e&dn=%E5%B7%A6%E6%92%87%E5%AD%90%E5%A5%B3%E5%AD%A9.6v%E7%94%B5%E5%BD%B1%20%E5%9C%B0%E5%9D%80%E5%8F%91%E5%B8%83%E9%A1%B5%20www.6v123.net%20%E6%94%B6%E8%97%8F%E4%B8%8D%E8%BF%B7%E8%B7%AF
2025剧情《左撇子女孩》1080p.BD中字,https://www.6v520.net//dy/2025-11-28/48381.html,2026-03-11,磁力,magnet:?xt=urn:btih:b9daee8157074d2117a2f1eb546adc0ad2cc52e4&dn=%E5%B7%A6%E6%92%87%E5%AD%90%E5%A5%B3%E5%AD%A9.6v%E7%94%B5%E5%BD%B1%20%E5%9C%B0%E5%9D%80%E5%8F%91%E5%B8%83%E9%A1%B5%20www.6v123.net%20%E6%94%B6%E8%97%8F%E4%B8%8D%E8%BF%B7%E8%B7%AF
2025剧情《马拉加街夕阳红》1080p.HD中英双字,https://www.6v520.net//dy/2026-03-10/49096.html,2026-03-11,磁力,magnet:?xt=urn:btih:9d9c6a4588c2b6cb968627609f6d5a1b36c0772a&dn=%E9%A9%AC%E6%8B%89%E5%8A%A0%E8%A1%97%E5%A4%95%E9%98%B3%E7%BA%A2.6v%E7%94%B5%E5%BD%B1%20%E5%9C%B0%E5%9D%80%E5%8F%91%E5%B8%83%E9%A1%B5%20www.6v123.net%20%E6%94%B6%E8%97%8F%E4%B8%8D%E8%BF%B7%E8%B7%AF
2026动作科幻《侵略机器》4K.HD中英双字,https://www.6v520.net//dy/2026-03-06/49061.html,2026-03-10,磁力,magnet:?xt=urn:btih:09198ad07b85017dad6bfd0a5c4bd9818d6eed05&dn=%E4%BE%B5%E7%95%A5%E6%9C%BA%E5%99%A8.2160p.%E7%94%B5%E5%BD%B1%E6%B8%AF%20%E5%9C%B0%E5%9D%80%E5%8F%91%E5%B8%83%E9%A1%B5%20www.dygang.me%20%E6%94%B6%E8%97%8F%E4%B8%8D%E8%BF%B7%E8%B7%AF
2026动作科幻《侵略机器》4K.HD中英双字,https://www.6v520.net//dy/2026-03-06/49061.html,2026-03-10,磁力,magnet:?xt=urn:btih:a41a656eade61eeafde3b754b7411a572fbecc4c&dn=%E4%BE%B5%E7%95%A5%E6%9C%BA%E5%99%A8.%E7%94%B5%E5%BD%B1%E6%B8%AF%20%E5%9C%B0%E5%9D%80%E5%8F%91%E5%B8%83%E9%A1%B5%20www.dygang.me%20%E6%94%B6%E8%97%8F%E4%B8%8D%E8%BF%B7%E8%B7%AF
2025爱情《当我准备好了》1080p.HD中英双字,https://www.6v520.net//dy/2026-02-08/48876.html,2026-03-10,磁力,magnet:?xt=urn:btih:6c5db6d00d3a5139572f57f3927785dcf669e6ff&dn=%E5%BD%93%E6%88%91%E5%87%86%E5%A4%87%E5%A5%BD%E4%BA%86.%E7%94%B5%E5%BD%B1%E6%B8%AF%20%E5%9C%B0%E5%9D%80%E5%8F%91%E5%B8%83%E9%A1%B5%20www.dygang.me%20%E6%94%B6%E8%97%8F%E4%B8%8D%E8%BF%B7%E8%B7%AF
2025爱情《当日良缘》1080p.HD中英双字,https://www.6v520.net//dy/2026-03-09/49086.html,2026-03-10,磁力,magnet:?xt=urn:btih:9ee36f742e3e0e1f32778c2f35f67e3ddbb60ec1&dn=%E5%BD%93%E6%97%A5%E8%89%AF%E7%BC%98.%E7%94%B5%E5%BD%B1%E6%B8%AF%20%E5%9C%B0%E5%9D%80%E5%8F%91%E5%B8%83%E9%A1%B5%20www.dygang.me%20%E6%94%B6%E8%97%8F%E4%B8%8D%E8%BF%B7%E8%B7%AF
2025战争剧情《阿特罗皮亚》1080p.HD中字,https://www.6v520.net//dy/2026-03-09/49085.html,2026-03-10,磁力,magnet:?xt=urn:btih:625525481c3a4dd75ef4a0086189a48ac3199385&dn=%E9%98%BF%E7%89%B9%E7%BD%97%E7%9A%AE%E4%BA%9A.%E7%94%B5%E5%BD%B1%E6%B8%AF%20%E5%9C%B0%E5%9D%80%E5%8F%91%E5%B8%83%E9%A1%B5%20www.dygang.me%20%E6%94%B6%E8%97%8F%E4%B8%8D%E8%BF%B7%E8%B7%AF
2025纪录片《追寻幽灵大象》1080p.HD中字,https://www.6v520.net//dy/2026-03-09/49080.html,2026-03-10,磁力,magnet:?xt=urn:btih:a0e09e8168cdf5caa8ce4f0cc15227e3bcca576c&dn=%E8%BF%BD%E5%AF%BB%E5%B9%BD%E7%81%B5%E5%A4%A7%E8%B1%A1.%E7%94%B5%E5%BD%B1%E6%B8%AF%20%E5%9C%B0%E5%9D%80%E5%8F%91%E5%B8%83%E9%A1%B5%20www.dygang.me%20%E6%94%B6%E8%97%8F%E4%B8%8D%E8%BF%B7%E8%B7%AF
2025爱情《水之年代》1080p.HD中字,https://www.6v520.net//dy/2026-03-09/49081.html,2026-03-10,磁力,magnet:?xt=urn:btih:1304debfe8724a3a1ce5a0c8e66842247cedeeec&dn=%E6%B0%B4%E4%B9%8B%E5%B9%B4%E4%BB%A3.%E7%94%B5%E5%BD%B1%E6%B8%AF%20%E5%9C%B0%E5%9D%80%E5%8F%91%E5%B8%83%E9%A1%B5%20www.dygang.me%20%E6%94%B6%E8%97%8F%E4%B8%8D%E8%BF%B7%E8%B7%AF
2025恐怖喜剧《活死人变装夜》1080p.HD中英双字,https://www.6v520.net//dy/2026-03-09/49088.html,2026-03-09,磁力,magnet:?xt=urn:btih:17093b7da063ea08dcb97413e9c630bc6da14730&dn=%E6%B4%BB%E6%AD%BB%E4%BA%BA%E5%8F%98%E8%A3%85%E5%A4%9C.6v%E7%94%B5%E5%BD%B1%20%E5%9C%B0%E5%9D%80%E5%8F%91%E5%B8%83%E9%A1%B5%20www.6v123.net%20%E6%94%B6%E8%97%8F%E4%B8%8D%E8%BF%B7%E8%B7%AF
2025剧情《以鹰之名》1080p.HD中英双字,https://www.6v520.net//dy/2026-03-09/49087.html,2026-03-09,磁力,magnet:?xt=urn:btih:f0e664a04982e6cd4098d6e08b0ae1658b7ebfa5&dn=%E4%BB%A5%E9%B9%B0%E4%B9%8B%E5%90%8D.6v%E7%94%B5%E5%BD%B1%20%E5%9C%B0%E5%9D%80%E5%8F%91%E5%B8%83%E9%A1%B5%20www.6v123.net%20%E6%94%B6%E8%97%8F%E4%B8%8D%E8%BF%B7%E8%B7%AF
2025恐怖《野蛮之花》1080p.HD中英双字,https://www.6v520.net//dy/2026-03-09/49084.html,2026-03-09,磁力,magnet:?xt=urn:btih:0b422bbad3032971491f65b3126083a478ca5cbf&dn=%E9%87%8E%E8%9B%AE%E4%B9%8B%E8%8A%B1.6v%E7%94%B5%E5%BD%B1%20%E5%9C%B0%E5%9D%80%E5%8F%91%E5%B8%83%E9%A1%B5%20www.6v123.net%20%E6%94%B6%E8%97%8F%E4%B8%8D%E8%BF%B7%E8%B7%AF
2025剧情《巨人》1080p.HD中英双字,https://www.6v520.net//dy/2026-03-09/49083.html,2026-03-09,磁力,magnet:?xt=urn:btih:72ead78fb3c3ae79690e1b59fc36143ae2629ddf&dn=%E5%B7%A8%E4%BA%BA.6v%E7%94%B5%E5%BD%B1%20%E5%9C%B0%E5%9D%80%E5%8F%91%E5%B8%83%E9%A1%B5%20www.6v123.net%20%E6%94%B6%E8%97%8F%E4%B8%8D%E8%BF%B7%E8%B7%AF
2025剧情《尼诺》1080p.BD中英双字,https://www.6v520.net//dy/2026-03-09/49082.html,2026-03-09,磁力,magnet:?xt=urn:btih:abac73f1c3a8f6f626b4d6c98eb613f128c6d6d0&dn=%E5%B0%BC%E8%AF%BA.6v%E7%94%B5%E5%BD%B1%20%E5%9C%B0%E5%9D%80%E5%8F%91%E5%B8%83%E9%A1%B5%20www.6v123.net%20%E6%94%B6%E8%97%8F%E4%B8%8D%E8%BF%B7%E8%B7%AF
2026科幻喜剧《绿液惊魂》1080p.HD中英双字,https://www.6v520.net//dy/2026-03-08/49078.html,2026-03-08,磁力,magnet:?xt=urn:btih:d51acefd14014978689595d3a133d79b9cbbf2b4&dn=%E7%BB%BF%E6%B6%B2%E6%83%8A%E9%AD%82.%E7%94%B5%E5%BD%B1%E6%B8%AF%20%E5%9C%B0%E5%9D%80%E5%8F%91%E5%B8%83%E9%A1%B5%20www.dygang.me%20%E6%94%B6%E8%97%8F%E4%B8%8D%E8%BF%B7%E8%B7%AF
2026剧情《绚烂一刻》1080p.HD中英双字,https://www.6v520.net//dy/2026-03-08/49073.html,2026-03-08,磁力,magnet:?xt=urn:btih:5161a4cf276db7265e1fc0509131fb0c6ce5c37e&dn=%E7%BB%9A%E7%83%82%E4%B8%80%E5%88%BB.%E7%94%B5%E5%BD%B1%E6%B8%AF%20%E5%9C%B0%E5%9D%80%E5%8F%91%E5%B8%83%E9%A1%B5%20www.dygang.me%20%E6%94%B6%E8%97%8F%E4%B8%8D%E8%BF%B7%E8%B7%AF
2025惊悚剧情《恶徒》1080p.HD中英双字,https://www.6v520.net//dy/2026-03-08/49076.html,2026-03-08,磁力,magnet:?xt=urn:btih:b73a0f8b11bb84c889620d0850d295ce8dcfb154&dn=%E6%81%B6%E5%BE%92.%E7%94%B5%E5%BD%B1%E6%B8%AF%20%E5%9C%B0%E5%9D%80%E5%8F%91%E5%B8%83%E9%A1%B5%20www.dygang.me%20%E6%94%B6%E8%97%8F%E4%B8%8D%E8%BF%B7%E8%B7%AF
2025剧情《私生活》1080p.HD中字,https://www.6v520.net//dy/2026-03-08/49077.html,2026-03-08,磁力,magnet:?xt=urn:btih:9436c9c3784149ad2eaba676163dae04e5afe233&dn=%E7%A7%81%E7%94%9F%E6%B4%BB.%E7%94%B5%E5%BD%B1%E6%B8%AF%20%E5%9C%B0%E5%9D%80%E5%8F%91%E5%B8%83%E9%A1%B5%20www.dygang.me%20%E6%94%B6%E8%97%8F%E4%B8%8D%E8%BF%B7%E8%B7%AF
2025恐怖剧情《陌生人：第三章》1080p.HD中英双字,https://www.6v520.net//dy/2026-03-08/49074.html,2026-03-08,磁力,magnet:?xt=urn:btih:4395037c7477ede75dde79a3a248184cb1a8e577&dn=%E9%99%8C%E7%94%9F%E4%BA%BA%EF%BC%9A%E7%AC%AC%E4%B8%89%E7%AB%A0.%E7%94%B5%E5%BD%B1%E6%B8%AF%20%E5%9C%B0%E5%9D%80%E5%8F%91%E5%B8%83%E9%A1%B5%20www.dygang.me%20%E6%94%B6%E8%97%8F%E4%B8%8D%E8%BF%B7%E8%B7%AF
2025恐怖剧情《索命哨》1080p.HD中字,https://www.6v520.net//dy/2026-03-08/49072.html,2026-03-08,磁力,magnet:?xt=urn:btih:11ec1c76ceef4c8a0ff8e5689b435d51bf77ddf7&dn=%E7%B4%A2%E5%91%BD%E5%93%A8.%E7%94%B5%E5%BD%B1%E6%B8%AF%20%E5%9C%B0%E5%9D%80%E5%8F%91%E5%B8%83%E9%A1%B5%20www.dygang.me%20%E6%94%B6%E8%97%8F%E4%B8%8D%E8%BF%B7%E8%B7%AF
2026纪录片《消失的丹麦女孩：这位朋友，那位凶手》1080p.HD中字,https://www.6v520.net//dy/2026-03-07/49067.html,2026-03-07,磁力,magnet:?xt=urn:btih:4e7dc9bdea90829ef592e7ed564b8c3d37342ccb&dn=%E6%B6%88%E5%A4%B1%E7%9A%84%E4%B8%B9%E9%BA%A6%E5%A5%B3%E5%AD%A9%EF%BC%9A%E8%BF%99%E4%BD%8D%E6%9C%8B%E5%8F%8B%EF%BC%8C%E9%82%A3%E4%BD%8D%E5%87%B6%E6%89%8B.%E7%94%B5%E5%BD%B1%E6%B8%AF%20%E5%9C%B0%E5%9D%80%E5%8F%91%E5%B8%83%E9%A1%B5%20www.dygang.me%20%E6%94%B6%E8%97%8F%E4%B8%8D%E8%BF%B7%E8%B7%AF
2025爱情喜剧《我的宝贝2》1080p.HD中字,https://www.6v520.net//dy/2026-03-06/49057.html,2026-03-07,磁力,magnet:?xt=urn:btih:0387da456d937ff488d849bd48c60310e05f75df&dn=%E6%88%91%E7%9A%84%E5%AE%9D%E8%B4%9D2.%E7%94%B5%E5%BD%B1%E6%B8%AF%20%E5%9C%B0%E5%9D%80%E5%8F%91%E5%B8%83%E9%A1%B5%20www.dygang.me%20%E6%94%B6%E8%97%8F%E4%B8%8D%E8%BF%B7%E8%B7%AF
2025剧情《野党》1080p.BD中字,https://www.6v520.net//dy/2025-08-09/47564.html,2026-03-07,在线观看,https://www.6vdy.org/juqingpian/26693.html
2025剧情《野党》1080p.BD中字,https://www.6v520.net//dy/2025-08-09/47564.html,2026-03-07,磁力,magnet:?xt=urn:btih:33e8b3f073e0008e15f7ebb8738b70fcfd83a7ff&dn=%E9%87%8E%E5%85%9A.%E7%94%B5%E5%BD%B1%E6%B8%AF%20%E5%9C%B0%E5%9D%80%E5%8F%91%E5%B8%83%E9%A1%B5%20www.dygang.me%20%E6%94%B6%E8%97%8F%E4%B8%8D%E8%BF%B7%E8%B7%AF
2025剧情《野党》1080p.BD中字,https://www.6v520.net//dy/2025-08-09/47564.html,2026-03-07,磁力,magnet:?xt=urn:btih:2a4ea1524e7070d99560b24763f7e3c0cf8431e7&dn=%E9%87%8E%E5%85%9A.6v%E7%94%B5%E5%BD%B1%20%E5%9C%B0%E5%9D%80%E5%8F%91%E5%B8%83%E9%A1%B5%20www.6v123.net%20%E6%94%B6%E8%97%8F%E4%B8%8D%E8%BF%B7%E8%B7%AF
2025恐怖剧情《她不是我妈妈》1080p.HD中字,https://www.6v520.net//dy/2026-02-08/48861.html,2026-03-07,磁力,magnet:?xt=urn:btih:533b18e3b3be35c6ab20d137c0313800cff462d9&dn=%E5%A5%B9%E4%B8%8D%E6%98%AF%E6%88%91%E5%A6%88%E5%A6%88.%E7%94%B5%E5%BD%B1%E6%B8%AF%20%E5%9C%B0%E5%9D%80%E5%8F%91%E5%B8%83%E9%A1%B5%20www.dygang.me%20%E6%94%B6%E8%97%8F%E4%B8%8D%E8%BF%B7%E8%B7%AF
2025惊悚剧情《最后一个住在这里的女人》1080p.HD中字,https://www.6v520.net//dy/2026-02-16/48939.html,2026-03-07,磁力,magnet:?xt=urn:btih:68c584020fc7f61a2e586d86a0dbd3eb44c8046b&dn=%E6%9C%80%E5%90%8E%E4%B8%80%E4%B8%AA%E4%BD%8F%E5%9C%A8%E8%BF%99%E9%87%8C%E7%9A%84%E5%A5%B3%E4%BA%BA.%E7%94%B5%E5%BD%B1%E6%B8%AF%20%E5%9C%B0%E5%9D%80%E5%8F%91%E5%B8%83%E9%A1%B5%20www.dygang.me%20%E6%94%B6%E8%97%8F%E4%B8%8D%E8%BF%B7%E8%B7%AF
2026纪录片《恐龙时代：你不知道的故事》1080p.HD中英双字,https://www.6v520.net//dy/2026-03-06/49063.html,2026-03-07,磁力,magnet:?xt=urn:btih:9161a61576381e08c7cbd792e95ca397f723c980&dn=%E6%81%90%E9%BE%99%E6%97%B6%E4%BB%A3%EF%BC%9A%E4%BD%A0%E4%B8%8D%E7%9F%A5%E9%81%93%E7%9A%84%E6%95%85%E4%BA%8B.%E7%94%B5%E5%BD%B1%E6%B8%AF%20%E5%9C%B0%E5%9D%80%E5%8F%91%E5%B8%83%E9%A1%B5%20www.dygang.me%20%E6%94%B6%E8%97%8F%E4%B8%8D%E8%BF%B7%E8%B7%AF
2026纪录片《TikTok杀手：蛛丝网迹》1080p.HD中字,https://www.6v520.net//dy/2026-03-06/49064.html,2026-03-07,磁力,magnet:?xt=urn:btih:9d6bfe5b77df848ed87c0bec820134fe740f73e4&dn=TikTok%E6%9D%80%E6%89%8B%EF%BC%9A%E8%9B%9B%E4%B8%9D%E7%BD%91%E8%BF%B9.%E7%94%B5%E5%BD%B1%E6%B8%AF%20%E5%9C%B0%E5%9D%80%E5%8F%91%E5%B8%83%E9%A1%B5%20www.dygang.me%20%E6%94%B6%E8%97%8F%E4%B8%8D%E8%BF%B7%E8%B7%AF
2025剧情《亲陌公园》1080p.HD中字,https://www.6v520.net//dy/2026-03-06/49062.html,2026-03-07,磁力,magnet:?xt=urn:btih:4811ea578bac92e936491ef138a6e7a379521020&dn=%E4%BA%B2%E9%99%8C%E5%85%AC%E5%9B%AD.%E7%94%B5%E5%BD%B1%E6%B8%AF%20%E5%9C%B0%E5%9D%80%E5%8F%91%E5%B8%83%E9%A1%B5%20www.dygang.me%20%E6%94%B6%E8%97%8F%E4%B8%8D%E8%BF%B7%E8%B7%AF
2025动作《用武之地》4K.HD国语中字,https://www.6v520.net//dy/2026-03-06/49058.html,2026-03-06,在线观看,https://www.66ss.org/dongzuopian/28252.html
2025动作《用武之地》4K.HD国语中字,https://www.6v520.net//dy/2026-03-06/49058.html,2026-03-06,磁力,magnet:?xt=urn:btih:63d71e6650ab4c116c65091f619682fbe3c70f87&dn=%E7%94%A8%E6%AD%A6%E4%B9%8B%E5%9C%B0.2160p%E9%AB%98%E7%A0%81%E7%89%88.6v%E7%94%B5%E5%BD%B1%20%E5%9C%B0%E5%9D%80%E5%8F%91%E5%B8%83%E9%A1%B5%20www.6v123.com%20%E6%94%B6%E8%97%8F%E4%B8%8D%E8%BF%B7%E8%B7%AF
2025动作《用武之地》4K.HD国语中字,https://www.6v520.net//dy/2026-03-06/49058.html,2026-03-06,磁力,magnet:?xt=urn:btih:30d6bb286153c0a2d7f236ab2de3d3396fc49580&dn=%E7%94%A8%E6%AD%A6%E4%B9%8B%E5%9C%B0.2160p.6v%E7%94%B5%E5%BD%B1%20%E5%9C%B0%E5%9D%80%E5%8F%91%E5%B8%83%E9%A1%B5%20www.6v123.com%20%E6%94%B6%E8%97%8F%E4%B8%8D%E8%BF%B7%E8%B7%AF
2025动作《用武之地》4K.HD国语中字,https://www.6v520.net//dy/2026-03-06/49058.html,2026-03-06,磁力,magnet:?xt=urn:btih:1b4efa0e83e630b0e7ccd5d31e6f0a42793f680a&dn=%E7%94%A8%E6%AD%A6%E4%B9%8B%E5%9C%B0.6v%E7%94%B5%E5%BD%B1%20%E5%9C%B0%E5%9D%80%E5%8F%91%E5%B8%83%E9%A1%B5%20www.6v123.com%20%E6%94%B6%E8%97%8F%E4%B8%8D%E8%BF%B7%E8%B7%AF
2026动作奇幻《古剑奇谭之琴心剑魄》1080p.HD国语中字,https://www.6v520.net//dy/2026-03-06/49056.html,2026-03-06,在线观看,https://www.66ss.org/dongzuopian/28251.html
2026动作奇幻《古剑奇谭之琴心剑魄》1080p.HD国语中字,https://www.6v520.net//dy/2026-03-06/49056.html,2026-03-06,磁力,magnet:?xt=urn:btih:abec0cb3368babde396e21b4a3706abb37d4626d&dn=%E5%8F%A4%E5%89%91%E5%A5%87%E8%B0%AD%E4%B9%8B%E7%90%B4%E5%BF%83%E5%89%91%E9%AD%84.2160p.6v%E7%94%B5%E5%BD%B1%20%E5%9C%B0%E5%9D%80%E5%8F%91%E5%B8%83%E9%A1%B5%20www.6v123.com%20%E6%94%B6%E8%97%8F%E4%B8%8D%E8%BF%B7%E8%B7%AF
2026动作奇幻《古剑奇谭之琴心剑魄》1080p.HD国语中字,https://www.6v520.net//dy/2026-03-06/49056.html,2026-03-06,磁力,magnet:?xt=urn:btih:14dcdf4d8b61d604cb004428ad85e179e85b0698&dn=%E5%8F%A4%E5%89%91%E5%A5%87%E8%B0%AD%E4%B9%8B%E7%90%B4%E5%BF%83%E5%89%91%E9%AD%84.6v%E7%94%B5%E5%BD%B1%20%E5%9C%B0%E5%9D%80%E5%8F%91%E5%B8%83%E9%A1%B5%20www.6v123.com%20%E6%94%B6%E8%97%8F%E4%B8%8D%E8%BF%B7%E8%B7%AF
2026动作《退伍军官》1080p.HD中字,https://www.6v520.net//dy/2026-03-05/49055.html,2026-03-06,磁力,magnet:?xt=urn:btih:ce18b51aa64ab1194a7b318fdd7da9a219bd9f82&dn=%E9%80%80%E4%BC%8D%E5%86%9B%E5%AE%98.6v%E7%94%B5%E5%BD%B1%20%E5%9C%B0%E5%9D%80%E5%8F%91%E5%B8%83%E9%A1%B5%20www.6v123.com%20%E6%94%B6%E8%97%8F%E4%B8%8D%E8%BF%B7%E8%B7%AF
2025恐怖《新年恐惧夜》1080p.HD中字,https://www.6v520.net//dy/2026-02-08/48889.html,2026-03-06,磁力,magnet:?xt=urn:btih:ba162d131781f8f3eab89bbc49313fd04770c56a&dn=%E6%96%B0%E5%B9%B4%E6%81%90%E6%83%A7%E5%A4%9C.6v%E7%94%B5%E5%BD%B1%20%E5%9C%B0%E5%9D%80%E5%8F%91%E5%B8%83%E9%A1%B5%20www.6v123.com%20%E6%94%B6%E8%97%8F%E4%B8%8D%E8%BF%B7%E8%B7%AF
2025恐怖《妈妈：来自Neraka的祝福》1080p.HD中字,https://www.6v520.net//dy/2026-02-08/48868.html,2026-03-06,磁力,magnet:?xt=urn:btih:dd6a0007c95d3140c0553bdfdde04486861c5b2f&dn=%E5%A6%88%E5%A6%88%EF%BC%9A%E6%9D%A5%E8%87%AANeraka%E7%9A%84%E7%A5%9D%E7%A6%8F.6v%E7%94%B5%E5%BD%B1%20%E5%9C%B0%E5%9D%80%E5%8F%91%E5%B8%83%E9%A1%B5%20www.6v123.com%20%E6%94%B6%E8%97%8F%E4%B8%8D%E8%BF%B7%E8%B7%AF
2025恐怖剧情《寻找身体2》1080p.HD中字,https://www.6v520.net//dy/2026-03-05/49053.html,2026-03-05,磁力,magnet:?xt=urn:btih:26bf3b456d45800d7bba695de5ee90a5a584d10b&dn=%E5%AF%BB%E6%89%BE%E8%BA%AB%E4%BD%932.%E7%94%B5%E5%BD%B1%E6%B8%AF%20%E5%9C%B0%E5%9D%80%E5%8F%91%E5%B8%83%E9%A1%B5%20www.dygang.me%20%E6%94%B6%E8%97%8F%E4%B8%8D%E8%BF%B7%E8%B7%AF
2026剧情《我的朋友安德烈》4K.HD国语中字,https://www.6v520.net//dy/2026-03-05/49047.html,2026-03-05,磁力,magnet:?xt=urn:btih:b224778b358a59926cc5149a2b826db935cd1388&dn=%E6%88%91%E7%9A%84%E6%9C%8B%E5%8F%8B%E5%AE%89%E5%BE%B7%E7%83%88.2160p.%E7%94%B5%E5%BD%B1%E6%B8%AF%20%E5%9C%B0%E5%9D%80%E5%8F%91%E5%B8%83%E9%A1%B5%20www.dygang.me%20%E6%94%B6%E8%97%8F%E4%B8%8D%E8%BF%B7%E8%B7%AF
2026剧情《我的朋友安德烈》4K.HD国语中字,https://www.6v520.net//dy/2026-03-05/49047.html,2026-03-05,磁力,magnet:?xt=urn:btih:b3cb71b5ba1d03f3ab3eb9fab55cc6b160ea24e7&dn=%E6%88%91%E7%9A%84%E6%9C%8B%E5%8F%8B%E5%AE%89%E5%BE%B7%E7%83%88.%E7%94%B5%E5%BD%B1%E6%B8%AF%20%E5%9C%B0%E5%9D%80%E5%8F%91%E5%B8%83%E9%A1%B5%20www.dygang.me%20%E6%94%B6%E8%97%8F%E4%B8%8D%E8%BF%B7%E8%B7%AF
2026剧情《狄仁杰之通天浮屠》4K.HD国语中字,https://www.6v520.net//dy/2026-03-04/49043.html,2026-03-05,磁力,magnet:?xt=urn:btih:ac08f6b7d9ac130d494477c9e1ac47210da2978e&dn=%E7%8B%84%E4%BB%81%E6%9D%B0%E4%B9%8B%E9%80%9A%E5%A4%A9%E6%B5%AE%E5%B1%A0.2160p.%E7%94%B5%E5%BD%B1%E6%B8%AF%20%E5%9C%B0%E5%9D%80%E5%8F%91%E5%B8%83%E9%A1%B5%20www.dygang.me%20%E6%94%B6%E8%97%8F%E4%B8%8D%E8%BF%B7%E8%B7%AF
2026剧情《狄仁杰之通天浮屠》4K.HD国语中字,https://www.6v520.net//dy/2026-03-04/49043.html,2026-03-05,磁力,magnet:?xt=urn:btih:89d9ae91c2b643c75cb52b5a00cf2346df70ee6c&dn=%E7%8B%84%E4%BB%81%E6%9D%B0%E4%B9%8B%E9%80%9A%E5%A4%A9%E6%B5%AE%E5%B1%A0.6v%E7%94%B5%E5%BD%B1%20%E5%9C%B0%E5%9D%80%E5%8F%91%E5%B8%83%E9%A1%B5%20www.6v123.net%20%E6%94%B6%E8%97%8F%E4%B8%8D%E8%BF%B7%E8%B7%AF
2025纪录片《保罗·麦卡特尼：在逃人生》1080p.HD中字,https://www.6v520.net//dy/2026-03-05/49052.html,2026-03-05,磁力,magnet:?xt=urn:btih:eb0b319be1ec81950556497d7418cde5f4ac39b3&dn=%E4%BF%9D%E7%BD%97%C2%B7%E9%BA%A6%E5%8D%A1%E7%89%B9%E5%B0%BC%EF%BC%9A%E5%9C%A8%E9%80%83%E4%BA%BA%E7%94%9F.%E7%94%B5%E5%BD%B1%E6%B8%AF%20%E5%9C%B0%E5%9D%80%E5%8F%91%E5%B8%83%E9%A1%B5%20www.dygang.me%20%E6%94%B6%E8%97%8F%E4%B8%8D%E8%BF%B7%E8%B7%AF
2026剧情《郊区男孩3》1080p.HD中字,https://www.6v520.net//dy/2026-03-05/49049.html,2026-03-05,磁力,magnet:?xt=urn:btih:a4683b3ee45115ca94bf9836641fcf1c34c42f43&dn=%E9%83%8A%E5%8C%BA%E7%94%B7%E5%AD%A93.%E7%94%B5%E5%BD%B1%E6%B8%AF%20%E5%9C%B0%E5%9D%80%E5%8F%91%E5%B8%83%E9%A1%B5%20www.dygang.me%20%E6%94%B6%E8%97%8F%E4%B8%8D%E8%BF%B7%E8%B7%AF
2026动作《缉毒使命》1080p.HD国语中字,https://www.6v520.net//dy/2026-03-05/49046.html,2026-03-05,磁力,magnet:?xt=urn:btih:38e35136c6fd935ba6893dc3bcee536d0a2fdcb8&dn=%E7%BC%89%E6%AF%92%E4%BD%BF%E5%91%BD.%E7%94%B5%E5%BD%B1%E6%B8%AF%20%E5%9C%B0%E5%9D%80%E5%8F%91%E5%B8%83%E9%A1%B5%20www.dygang.me%20%E6%94%B6%E8%97%8F%E4%B8%8D%E8%BF%B7%E8%B7%AF
2025恐怖惊悚《鬼影》1080p.HD中字,https://www.6v520.net//dy/2026-03-02/49033.html,2026-03-05,磁力,magnet:?xt=urn:btih:a0fa621598c295a94dabba14016872564970e4b0&dn=%E9%AC%BC%E5%BD%B1.%E7%94%B5%E5%BD%B1%E6%B8%AF%20%E5%9C%B0%E5%9D%80%E5%8F%91%E5%B8%83%E9%A1%B5%20www.dygang.me%20%E6%94%B6%E8%97%8F%E4%B8%8D%E8%BF%B7%E8%B7%AF
2024剧情《一条道走到黑》1080p.HD国语中字,https://www.6v520.net//dy/2026-03-04/49044.html,2026-03-04,磁力,magnet:?xt=urn:btih:6f66ba261e9da9e80947f57210eda9021e64ff4d&dn=%E4%B8%80%E6%9D%A1%E9%81%93%E8%B5%B0%E5%88%B0%E9%BB%91.6v%E7%94%B5%E5%BD%B1%20%E5%9C%B0%E5%9D%80%E5%8F%91%E5%B8%83%E9%A1%B5%20www.6v123.net%20%E6%94%B6%E8%97%8F%E4%B8%8D%E8%BF%B7%E8%B7%AF
2025剧情《亭亭凤凰台》1080p.HD国语中字,https://www.6v520.net//dy/2026-03-03/49039.html,2026-03-04,磁力,magnet:?xt=urn:btih:f32e3d8c41e9f9d1b9966242076f8e42478d4f80&dn=%E4%BA%AD%E4%BA%AD%E5%87%A4%E5%87%B0%E5%8F%B0.6v%E7%94%B5%E5%BD%B1%20%E5%9C%B0%E5%9D%80%E5%8F%91%E5%B8%83%E9%A1%B5%20www.6v123.net%20%E6%94%B6%E8%97%8F%E4%B8%8D%E8%BF%B7%E8%B7%AF
2025恐怖惊悚《亲爱的宝贝》1080p.HD中英双字,https://www.6v520.net//dy/2026-03-03/49037.html,2026-03-04,磁力,magnet:?xt=urn:btih:ef418d32ad3e90e6fbc97bd289e234ae1beccff9&dn=%E4%BA%B2%E7%88%B1%E7%9A%84%E5%AE%9D%E8%B4%9D.6v%E7%94%B5%E5%BD%B1%20%E5%9C%B0%E5%9D%80%E5%8F%91%E5%B8%83%E9%A1%B5%20www.6v123.net%20%E6%94%B6%E8%97%8F%E4%B8%8D%E8%BF%B7%E8%B7%AF
2025惊悚剧情《危情蜻蜓》1080p.HD中英双字,https://www.6v520.net//dy/2026-03-02/49031.html,2026-03-04,磁力,magnet:?xt=urn:btih:ca1e298f963e4f06b445e44551f4f936010b9b7f&dn=%E5%8D%B1%E6%83%85%E8%9C%BB%E8%9C%93.6v%E7%94%B5%E5%BD%B1%20%E5%9C%B0%E5%9D%80%E5%8F%91%E5%B8%83%E9%A1%B5%20www.6v123.net%20%E6%94%B6%E8%97%8F%E4%B8%8D%E8%BF%B7%E8%B7%AF
2025爱情奇幻《绮梦之旅》1080p.国英双语.BD中英双字,https://www.6v520.net//dy/2025-10-15/48018.html,2026-03-03,在线观看,https://www.6vdy.org/aiqingpian/27192.html
2025爱情奇幻《绮梦之旅》1080p.国英双语.BD中英双字,https://www.6v520.net//dy/2025-10-15/48018.html,2026-03-03,磁力,magnet:?xt=urn:btih:158c0dc9bdb66ba9c9fa7cb9303ae1e85e354c45&dn=%E7%BB%AE%E6%A2%A6%E4%B9%8B%E6%97%85.6v%E7%94%B5%E5%BD%B1%20%E5%9C%B0%E5%9D%80%E5%8F%91%E5%B8%83%E9%A1%B5%20www.6v123.com%20%E6%94%B6%E8%97%8F%E4%B8%8D%E8%BF%B7%E8%B7%AF
2025爱情奇幻《绮梦之旅》1080p.国英双语.BD中英双字,https://www.6v520.net//dy/2025-10-15/48018.html,2026-03-03,磁力,magnet:?xt=urn:btih:3fc2d5a593f1e95f974316da1b318aa2c1181a19&dn=%E7%BB%AE%E6%A2%A6%E4%B9%8B%E6%97%85.6v%E7%94%B5%E5%BD%B1%20%E5%9C%B0%E5%9D%80%E5%8F%91%E5%B8%83%E9%A1%B5%20www.6v123.net%20%E6%94%B6%E8%97%8F%E4%B8%8D%E8%BF%B7%E8%B7%AF
2025爱情奇幻《绮梦之旅》1080p.国英双语.BD中英双字,https://www.6v520.net//dy/2025-10-15/48018.html,2026-03-03,磁力,magnet:?xt=urn:btih:35a6e78acc4ae529ba09d7251b699ee8c2e10e59&dn=%E7%BB%AEmz%E6%97%85.6v%E7%94%B5%E5%BD%B1%20%E5%9C%B0%E5%9D%80%E5%8F%91%E5%B8%83%E9%A1%B5%20www.6v123.net%20%E6%94%B6%E8%97%8F%E4%B8%8D%E8%BF%B7%E8%B7%AF
2026动作《武器之刀光剑影》4K.HD国语中字,https://www.6v520.net//dy/2026-03-03/49040.html,2026-03-03,磁力,magnet:?xt=urn:btih:3e1fd01e66c605829f7928c72af5f605017b3306&dn=%E6%AD%A6%E5%99%A8%E4%B9%8B%E5%88%80%E5%85%89%E5%89%91%E5%BD%B1.2160p.6v%E7%94%B5%E5%BD%B1%20%E5%9C%B0%E5%9D%80%E5%8F%91%E5%B8%83%E9%A1%B5%20www.6v123.com%20%E6%94%B6%E8%97%8F%E4%B8%8D%E8%BF%B7%E8%B7%AF
2026动作《武器之刀光剑影》4K.HD国语中字,https://www.6v520.net//dy/2026-03-03/49040.html,2026-03-03,磁力,magnet:?xt=urn:btih:9d7eb4ecdf555f9598882212d3101bdc3aea4575&dn=%E6%AD%A6%E5%99%A8%E4%B9%8B%E5%88%80%E5%85%89%E5%89%91%E5%BD%B1.6v%E7%94%B5%E5%BD%B1%20%E5%9C%B0%E5%9D%80%E5%8F%91%E5%B8%83%E9%A1%B5%20www.6v123.com%20%E6%94%B6%E8%97%8F%E4%B8%8D%E8%BF%B7%E8%B7%AF
2025剧情《死人开关》1080p.HD中字,https://www.6v520.net//dy/2026-03-02/49030.html,2026-03-03,磁力,magnet:?xt=urn:btih:3d5dbc36878be614ae2095a847df8ca0717ecd7c&dn=%E6%AD%BB%E4%BA%BA%E5%BC%80%E5%85%B3.6v%E7%94%B5%E5%BD%B1%20%E5%9C%B0%E5%9D%80%E5%8F%91%E5%B8%83%E9%A1%B5%20www.6v123.com%20%E6%94%B6%E8%97%8F%E4%B8%8D%E8%BF%B7%E8%B7%AF
2025惊悚剧情《共和之鹰》1080p.HD中英双字,https://www.6v520.net//dy/2026-03-02/49034.html,2026-03-03,磁力,magnet:?xt=urn:btih:a8931ad708f5533c4160e98d1c78332b21ec0e89&dn=%E5%85%B1%E5%92%8C%E4%B9%8B%E9%B9%B0.6v%E7%94%B5%E5%BD%B1%20%E5%9C%B0%E5%9D%80%E5%8F%91%E5%B8%83%E9%A1%B5%20www.6v123.com%20%E6%94%B6%E8%97%8F%E4%B8%8D%E8%BF%B7%E8%B7%AF
2025喜剧剧情《父母姐弟》1080p.HD中英双字,https://www.6v520.net//dy/2026-03-02/49032.html,2026-03-03,磁力,magnet:?xt=urn:btih:f7f240afb141502e30bcac3fe963ae5c5c363111&dn=%E7%88%B6%E6%AF%8D%E5%A7%90%E5%BC%9F.6v%E7%94%B5%E5%BD%B1%20%E5%9C%B0%E5%9D%80%E5%8F%91%E5%B8%83%E9%A1%B5%20www.6v123.com%20%E6%94%B6%E8%97%8F%E4%B8%8D%E8%BF%B7%E8%B7%AF
2026年02月佳片推荐,https://www.6v520.net//dy/2026-03-02/49029.html,2026-03-02,,
2026科幻惊悚《太空异种》1080p.HD国语中字,https://www.6v520.net//dy/2026-03-02/49028.html,2026-03-02,磁力,magnet:?xt=urn:btih:9a5dfc2c39a9c700207cd34c8fa05c15e97d0a69&dn=%E5%A4%AA%E7%A9%BA%E5%BC%82%E7%A7%8D.6v%E7%94%B5%E5%BD%B1%20%E5%9C%B0%E5%9D%80%E5%8F%91%E5%B8%83%E9%A1%B5%20www.6v123.com%20%E6%94%B6%E8%97%8F%E4%B8%8D%E8%BF%B7%E8%B7%AF
2026喜剧《不过是上班》4K.HD国语中字,https://www.6v520.net//dy/2026-03-01/49026.html,2026-03-02,磁力,magnet:?xt=urn:btih:c7e19a1da5c1266a21a8ac5fc50f77790798db52&dn=%E4%B8%8D%E8%BF%87%E6%98%AF%E4%B8%8A%E7%8F%AD.2160p.6v%E7%94%B5%E5%BD%B1%20%E5%9C%B0%E5%9D%80%E5%8F%91%E5%B8%83%E9%A1%B5%20www.6v123.com%20%E6%94%B6%E8%97%8F%E4%B8%8D%E8%BF%B7%E8%B7%AF
2026喜剧《不过是上班》4K.HD国语中字,https://www.6v520.net//dy/2026-03-01/49026.html,2026-03-02,磁力,magnet:?xt=urn:btih:0cfcacac2fee2fa5c48d6703f57fb8e732c8d2ce&dn=%E4%B8%8Dg%E6%98%AFs%E7%8F%AD.%E7%94%B5%E5%BD%B1%E6%B8%AF%20%E5%9C%B0%E5%9D%80%E5%8F%91%E5%B8%83%E9%A1%B5%20www.dygang.me%20%E6%94%B6%E8%97%8F%E4%B8%8D%E8%BF%B7%E8%B7%AF
2024惊悚《一切都改变的那一天》1080p.HD中英双字,https://www.6v520.net//dy/2026-02-11/48914.html,2026-03-02,磁力,magnet:?xt=urn:btih:286da167ab6718b6e1f73b2296a684b23fb21326&dn=%E4%B8%80%E5%88%87%E9%83%BD%E6%94%B9%E5%8F%98%E7%9A%84%E9%82%A3%E4%B8%80%E5%A4%A9.6v%E7%94%B5%E5%BD%B1%20%E5%9C%B0%E5%9D%80%E5%8F%91%E5%B8%83%E9%A1%B5%20www.6v123.com%20%E6%94%B6%E8%97%8F%E4%B8%8D%E8%BF%B7%E8%B7%AF
2025恐怖惊悚《末路搜索》1080p.HD中字,https://www.6v520.net//dy/2026-02-08/48888.html,2026-03-02,磁力,magnet:?xt=urn:btih:6ea1641668b042c02c9fb2a740eaae5bae30a236&dn=%E6%9C%AB%E8%B7%AF%E6%90%9C%E7%B4%A2.6v%E7%94%B5%E5%BD%B1%20%E5%9C%B0%E5%9D%80%E5%8F%91%E5%B8%83%E9%A1%B5%20www.6v123.com%20%E6%94%B6%E8%97%8F%E4%B8%8D%E8%BF%B7%E8%B7%AF
2025恐怖惊悚《夜间巡逻》1080p.HD中英双字,https://www.6v520.net//dy/2026-02-16/48934.html,2026-03-02,磁力,magnet:?xt=urn:btih:48a98a8054909560aed91c74ce0bc64b55f8c33e&dn=%E5%A4%9C%E9%97%B4%E5%B7%A1%E9%80%BB.6v%E7%94%B5%E5%BD%B1%20%E5%9C%B0%E5%9D%80%E5%8F%91%E5%B8%83%E9%A1%B5%20www.6v123.com%20%E6%94%B6%E8%97%8F%E4%B8%8D%E8%BF%B7%E8%B7%AF
2026剧情《指控之后》1080p.HD中字,https://www.6v520.net//dy/2026-03-01/49027.html,2026-03-01,磁力,magnet:?xt=urn:btih:afccc63ca1bc91522f74bc9874ecdd7b705ba97f&dn=%E6%8C%87%E6%8E%A7%E4%B9%8B%E5%90%8E.%E7%94%B5%E5%BD%B1%E6%B8%AF%20%E5%9C%B0%E5%9D%80%E5%8F%91%E5%B8%83%E9%A1%B5%20www.dygang.me%20%E6%94%B6%E8%97%8F%E4%B8%8D%E8%BF%B7%E8%B7%AF
2025剧情《镜的第三乐章》1080p.BD中字,https://www.6v520.net//dy/2026-02-16/48935.html,2026-03-01,磁力,magnet:?xt=urn:btih:f0b92566c9a896b6aa6654a8fda73ff85782dc3d&dn=%E9%95%9C%E7%9A%84%E7%AC%AC%E4%B8%89%E4%B9%90%E7%AB%A0.%E7%94%B5%E5%BD%B1%E6%B8%AF%20%E5%9C%B0%E5%9D%80%E5%8F%91%E5%B8%83%E9%A1%B5%20www.dygang.me%20%E6%94%B6%E8%97%8F%E4%B8%8D%E8%BF%B7%E8%B7%AF
2025剧情《女孩》1080p.HD中字,https://www.6v520.net//dy/2026-02-16/48940.html,2026-03-01,磁力,magnet:?xt=urn:btih:50b6f56f0bb0d7da551e4a724cba69e70443b1c8&dn=%E5%A5%B3%E5%AD%A9.%E7%94%B5%E5%BD%B1%E6%B8%AF%20%E5%9C%B0%E5%9D%80%E5%8F%91%E5%B8%83%E9%A1%B5%20www.dygang.me%20%E6%94%B6%E8%97%8F%E4%B8%8D%E8%BF%B7%E8%B7%AF
2025恐怖惊悚《重返寂静岭》4K.HD中英双字,https://www.6v520.net//dy/2026-02-10/48898.html,2026-03-01,在线观看,https://www.66ss.org/kongbupian/28084.html
2025恐怖惊悚《重返寂静岭》4K.HD中英双字,https://www.6v520.net//dy/2026-02-10/48898.html,2026-03-01,磁力,magnet:?xt=urn:btih:f29fbc8f7b9755fea5f4bd24515701afe2c2d31e&dn=%E9%87%8Dfj%E9%9D%99%E5%B2%AD.2160p.%E7%94%B5%E5%BD%B1%E6%B8%AF%20%E5%9C%B0%E5%9D%80%E5%8F%91%E5%B8%83%E9%A1%B5%20www.dygang.me%20%E6%94%B6%E8%97%8F%E4%B8%8D%E8%BF%B7%E8%B7%AF
2025恐怖惊悚《重返寂静岭》4K.HD中英双字,https://www.6v520.net//dy/2026-02-10/48898.html,2026-03-01,磁力,magnet:?xt=urn:btih:48bec4183268a07a6a62832381f41983f9301174&dn=%E9%87%8Dfj%E9%9D%99%E5%B2%AD.%E7%94%B5%E5%BD%B1%E6%B8%AF%20%E5%9C%B0%E5%9D%80%E5%8F%91%E5%B8%83%E9%A1%B5%20www.dygang.me%20%E6%94%B6%E8%97%8F%E4%B8%8D%E8%BF%B7%E8%B7%AF
2025高分爱情《关于约会的一切》1080p.国意双语.BD中字,https://www.6v520.net//dy/2025-09-16/47852.html,2026-03-01,在线观看,https://www.66ss.org/aiqingpian/27467.html
2025高分爱情《关于约会的一切》1080p.国意双语.BD中字,https://www.6v520.net//dy/2025-09-16/47852.html,2026-03-01,磁力,magnet:?xt=urn:btih:a1ddd8c77daa149e3b0f9cd241076c017506c958&dn=%E5%85%B3%E4%BA%8E%E7%BA%A6%E4%BC%9A%E7%9A%84%E4%B8%80%E5%88%87.%E7%94%B5%E5%BD%B1%E6%B8%AF%20%E5%9C%B0%E5%9D%80%E5%8F%91%E5%B8%83%E9%A1%B5%20www.dygang.me%20%E6%94%B6%E8%97%8F%E4%B8%8D%E8%BF%B7%E8%B7%AF
2025高分爱情《关于约会的一切》1080p.国意双语.BD中字,https://www.6v520.net//dy/2025-09-16/47852.html,2026-03-01,磁力,magnet:?xt=urn:btih:4b62081b7627984bb909fb5728eeed0815461f20&dn=%E5%85%B3%E4%BA%8E%E7%BA%A6%E4%BC%9A%E7%9A%84%E4%B8%80%E5%88%87.6v%E7%94%B5%E5%BD%B1%20%E5%9C%B0%E5%9D%80%E5%8F%91%E5%B8%83%E9%A1%B5%20www.6v123.net%20%E6%94%B6%E8%97%8F%E4%B8%8D%E8%BF%B7%E8%B7%AF
2025剧情《东极岛》1080p.BD国语中字,https://www.6v520.net//dy/2025-10-04/47968.html,2026-03-01,在线观看,https://www.66ss.org/juqingpian/27121.html
2025剧情《东极岛》1080p.BD国语中字,https://www.6v520.net//dy/2025-10-04/47968.html,2026-03-01,磁力,magnet:?xt=urn:btih:d045205b869f550e3939f8a714a54cc632558718&dn=%E4%B8%9C%E6%9E%81%E5%B2%9B.%E7%94%B5%E5%BD%B1%E6%B8%AF%20%E5%9C%B0%E5%9D%80%E5%8F%91%E5%B8%83%E9%A1%B5%20www.dygang.me%20%E6%94%B6%E8%97%8F%E4%B8%8D%E8%BF%B7%E8%B7%AF
2025剧情《东极岛》1080p.BD国语中字,https://www.6v520.net//dy/2025-10-04/47968.html,2026-03-01,磁力,magnet:?xt=urn:btih:84e3e449d0323f612d71a928d5b0c151d4dda758&dn=djd.2160p%E9%AB%98%E7%A0%81%E7%89%88.60fps.6v%E7%94%B5%E5%BD%B1%20%E5%9C%B0%E5%9D%80%E5%8F%91%E5%B8%83%E9%A1%B5%20www.6v123.net%20%E6%94%B6%E8%97%8F%E4%B8%8D%E8%BF%B7%E8%B7%AF
2025剧情《东极岛》1080p.BD国语中字,https://www.6v520.net//dy/2025-10-04/47968.html,2026-03-01,磁力,magnet:?xt=urn:btih:b0febc0b50d7e517a364e6a546664fdc35e7b369&dn=djd.2160p.6v%E7%94%B5%E5%BD%B1%20%E5%9C%B0%E5%9D%80%E5%8F%91%E5%B8%83%E9%A1%B5%20www.6v123.net%20%E6%94%B6%E8%97%8F%E4%B8%8D%E8%BF%B7%E8%B7%AF
2025剧情《东极岛》1080p.BD国语中字,https://www.6v520.net//dy/2025-10-04/47968.html,2026-03-01,磁力,magnet:?xt=urn:btih:c1279cb1bed9294a58808e4cd84a2bf33e3da4c0&dn=djd.6v%E7%94%B5%E5%BD%B1%20%E5%9C%B0%E5%9D%80%E5%8F%91%E5%B8%83%E9%A1%B5%20www.6v123.net%20%E6%94%B6%E8%97%8F%E4%B8%8D%E8%BF%B7%E8%B7%AF
高分纪录片《一级方程式：疾速争胜 第8季》1080p.HD中字,https://www.6v520.net//dy/2024-02-25/43851.html,2026-02-28,在线观看,https://www.66s6.net/jilupian/23045.html
高分纪录片《一级方程式：疾速争胜 第8季》1080p.HD中字,https://www.6v520.net//dy/2024-02-25/43851.html,2026-02-28,磁力,magnet:?xt=urn:btih:32cdc54ea6cd9473fcef82185a96d601f07050e8&dn=%E4%B8%80%E7%BA%A7%E6%96%B9%E7%A8%8B%E5%BC%8F%EF%BC%9A%E7%96%BE%E9%80%9F%E4%BA%89%E8%83%9C%20%E7%AC%AC%E5%85%AB%E5%AD%A3.6v%E7%94%B5%E5%BD%B1%20%E5%9C%B0%E5%9D%80%E5%8F%91%E5%B8%83%E9%A1%B5%20www.6v123.net%20%E6%94%B6%E8%97%8F%E4%B8%8D%E8%BF%B7%E8%B7%AF
高分纪录片《一级方程式：疾速争胜 第8季》1080p.HD中字,https://www.6v520.net//dy/2024-02-25/43851.html,2026-02-28,磁力,magnet:?xt=urn:btih:7647d3852a072276b163e1a96016fff5b25ad024&dn=%E4%B8%80%E7%BA%A7%E6%96%B9%E7%A8%8B%E5%BC%8F%EF%BC%9A%E7%96%BE%E9%80%9F%E4%BA%89%E8%83%9C%20%E7%AC%AC%E4%B8%83%E5%AD%A3.6v%E7%94%B5%E5%BD%B1%20%E5%9C%B0%E5%9D%80%E5%8F%91%E5%B8%83%E9%A1%B5%20www.6v123.net%20%E6%94%B6%E8%97%8F%E4%B8%8D%E8%BF%B7%E8%B7%AF
高分纪录片《一级方程式：疾速争胜 第8季》1080p.HD中字,https://www.6v520.net//dy/2024-02-25/43851.html,2026-02-28,磁力,magnet:?xt=urn:btih:a852fe64468dadce5aad8c3f898de2c33cdf69cd&dn=%e4%b8%80%e7%ba%a7%e6%96%b9%e7%a8%8b%e5%bc%8f%ef%bc%9a%e7%96%be%e9%80%9f%e4%ba%89%e8%83%9c%20%e7%ac%ac%e5%85%ad%e5%ad%a3
2026科幻剧情《眨眼之间》1080p.HD中字,https://www.6v520.net//dy/2026-02-27/49025.html,2026-02-28,磁力,magnet:?xt=urn:btih:90a02a5ab4ace8d14d222a54e27b013e64dcfcb8&dn=%E7%9C%A8%E7%9C%BC%E4%B9%8B%E9%97%B4.6v%E7%94%B5%E5%BD%B1%20%E5%9C%B0%E5%9D%80%E5%8F%91%E5%B8%83%E9%A1%B5%20www.6v123.net%20%E6%94%B6%E8%97%8F%E4%B8%8D%E8%BF%B7%E8%B7%AF
2025恐怖《门禁》1080p.HD中字,https://www.6v520.net//dy/2026-02-16/48941.html,2026-02-28,磁力,magnet:?xt=urn:btih:25cdd5d5b513ac152b6ffbf101b78c9e5ba97d8b&dn=%E9%97%A8%E7%A6%81.6v%E7%94%B5%E5%BD%B1%20%E5%9C%B0%E5%9D%80%E5%8F%91%E5%B8%83%E9%A1%B5%20www.6v123.net%20%E6%94%B6%E8%97%8F%E4%B8%8D%E8%BF%B7%E8%B7%AF
2025恐怖惊悚《恐怖买家》1080p.HD中英双字,https://www.6v520.net//dy/2026-02-08/48865.html,2026-02-28,磁力,magnet:?xt=urn:btih:99f1c2ca79f120be51d4f67db65f2e271045159a&dn=%E6%81%90%E6%80%96%E4%B9%B0%E5%AE%B6.6v%E7%94%B5%E5%BD%B1%20%E5%9C%B0%E5%9D%80%E5%8F%91%E5%B8%83%E9%A1%B5%20www.6v123.net%20%E6%94%B6%E8%97%8F%E4%B8%8D%E8%BF%B7%E8%B7%AF
2025剧情《匿杀》4K.HD国语中字,https://www.6v520.net//dy/2026-02-27/49018.html,2026-02-27,磁力,magnet:?xt=urn:btih:cee216f8c0b08a6a2541c2ceb54fce096f891f86&dn=%E5%8C%BF%E6%9D%80.2160p%E9%AB%98%E7%A0%81%E7%89%88.%E7%94%B5%E5%BD%B1%E6%B8%AF%20%E5%9C%B0%E5%9D%80%E5%8F%91%E5%B8%83%E9%A1%B5%20www.dygang.me%20%E6%94%B6%E8%97%8F%E4%B8%8D%E8%BF%B7%E8%B7%AF
2025剧情《匿杀》4K.HD国语中字,https://www.6v520.net//dy/2026-02-27/49018.html,2026-02-27,磁力,magnet:?xt=urn:btih:ca18cad04657086b0813f373371bd3d6039226d0&dn=%E5%8C%BF%E6%9D%80.2160p.%E7%94%B5%E5%BD%B1%E6%B8%AF%20%E5%9C%B0%E5%9D%80%E5%8F%91%E5%B8%83%E9%A1%B5%20www.dygang.me%20%E6%94%B6%E8%97%8F%E4%B8%8D%E8%BF%B7%E8%B7%AF
2025剧情《匿杀》4K.HD国语中字,https://www.6v520.net//dy/2026-02-27/49018.html,2026-02-27,磁力,magnet:?xt=urn:btih:61998f6f4a62800eb64334077ba5e144ba655f19&dn=%E5%8C%BF%E6%9D%80.%E7%94%B5%E5%BD%B1%E6%B8%AF%20%E5%9C%B0%E5%9D%80%E5%8F%91%E5%B8%83%E9%A1%B5%20www.dygang.me%20%E6%94%B6%E8%97%8F%E4%B8%8D%E8%BF%B7%E8%B7%AF
2026科幻剧情《未来之心》1080p.HD国语中字,https://www.6v520.net//dy/2026-02-27/49017.html,2026-02-27,磁力,magnet:?xt=urn:btih:3e87e8c91e795267122edbe7ad1986dfa96a1bad&dn=%E6%9C%AA%E6%9D%A5%E4%B9%8B%E5%BF%83.%E7%94%B5%E5%BD%B1%E6%B8%AF%20%E5%9C%B0%E5%9D%80%E5%8F%91%E5%B8%83%E9%A1%B5%20www.dygang.me%20%E6%94%B6%E8%97%8F%E4%B8%8D%E8%BF%B7%E8%B7%AF
2026动作惊悚《庇护之地》4K.HD中英双字,https://www.6v520.net//dy/2026-02-24/49002.html,2026-02-27,在线观看,https://www.66ss.org/dongzuopian/28182.html
2026动作惊悚《庇护之地》4K.HD中英双字,https://www.6v520.net//dy/2026-02-24/49002.html,2026-02-27,磁力,magnet:?xt=urn:btih:8c6920cd7eab3e2eff6916619bc0b8ea135796ba&dn=%E5%BA%87hz%E5%9C%B0.2160p.%E7%94%B5%E5%BD%B1%E6%B8%AF%20%E5%9C%B0%E5%9D%80%E5%8F%91%E5%B8%83%E9%A1%B5%20www.dygang.me%20%E6%94%B6%E8%97%8F%E4%B8%8D%E8%BF%B7%E8%B7%AF
2026动作惊悚《庇护之地》4K.HD中英双字,https://www.6v520.net//dy/2026-02-24/49002.html,2026-02-27,磁力,magnet:?xt=urn:btih:fc2787af8c401fef545442cb30dddd688064c9f3&dn=%E5%BA%87hz%E5%9C%B0.%E7%94%B5%E5%BD%B1%E6%B8%AF%20%E5%9C%B0%E5%9D%80%E5%8F%91%E5%B8%83%E9%A1%B5%20www.dygang.me%20%E6%94%B6%E8%97%8F%E4%B8%8D%E8%BF%B7%E8%B7%AF
2026动作《悬崖绝壁》1080p.HD中字,https://www.6v520.net//dy/2026-02-26/49009.html,2026-02-26,磁力,magnet:?xt=urn:btih:e1d215c4ee6d6017695c523d0c9aa7640f1bd544&dn=%E6%82%AC%E5%B4%96%E7%BB%9D%E5%A3%81.%E7%94%B5%E5%BD%B1%E6%B8%AF%20%E5%9C%B0%E5%9D%80%E5%8F%91%E5%B8%83%E9%A1%B5%20www.dygang.me%20%E6%94%B6%E8%97%8F%E4%B8%8D%E8%BF%B7%E8%B7%AF
2025科幻剧情《狂野时代》4K.HD国语中字,https://www.6v520.net//dy/2026-02-25/49003.html,2026-02-26,在线观看,https://www.66ss.org/kehuanpian/28189.html
2025科幻剧情《狂野时代》4K.HD国语中字,https://www.6v520.net//dy/2026-02-25/49003.html,2026-02-26,磁力,magnet:?xt=urn:btih:dbba8a2b4e2bf5fd58b65b710b71bde151c7c12e&dn=%E7%8B%82ys%E4%BB%A3.%E7%94%B5%E5%BD%B1%E6%B8%AF%20%E5%9C%B0%E5%9D%80%E5%8F%91%E5%B8%83%E9%A1%B5%20www.dygang.me%20%E6%94%B6%E8%97%8F%E4%B8%8D%E8%BF%B7%E8%B7%AF
2025科幻剧情《狂野时代》4K.HD国语中字,https://www.6v520.net//dy/2026-02-25/49003.html,2026-02-26,磁力,magnet:?xt=urn:btih:0111cc296e6284d0f8eb0e15955bdb9eaa61bcfa&dn=%E7%8B%82ys%E4%BB%A3.2160p%E9%AB%98%E7%A0%81%E7%89%88.%E7%94%B5%E5%BD%B1%E6%B8%AF%20%E5%9C%B0%E5%9D%80%E5%8F%91%E5%B8%83%E9%A1%B5%20www.dygang.me%20%E6%94%B6%E8%97%8F%E4%B8%8D%E8%BF%B7%E8%B7%AF
2025科幻剧情《狂野时代》4K.HD国语中字,https://www.6v520.net//dy/2026-02-25/49003.html,2026-02-26,磁力,magnet:?xt=urn:btih:710b3f2ceed03e5d94fc6df9e14b55d733c0ebb4&dn=%E7%8B%82ys%E4%BB%A3.2160p.6v%E7%94%B5%E5%BD%B1%20%E5%9C%B0%E5%9D%80%E5%8F%91%E5%B8%83%E9%A1%B5%20www.6v123.net%20%E6%94%B6%E8%97%8F%E4%B8%8D%E8%BF%B7%E8%B7%AF
2025惊悚剧情《派克河之殇》1080p.HD中字,https://www.6v520.net//dy/2026-02-08/48884.html,2026-02-26,磁力,magnet:?xt=urn:btih:a480d5b642d84e9c34abfc18fe95e9cdad5099a3&dn=%E6%B4%BE%E5%85%8B%E6%B2%B3%E4%B9%8B%E6%AE%87.%E7%94%B5%E5%BD%B1%E6%B8%AF%20%E5%9C%B0%E5%9D%80%E5%8F%91%E5%B8%83%E9%A1%B5%20www.dygang.me%20%E6%94%B6%E8%97%8F%E4%B8%8D%E8%BF%B7%E8%B7%AF
2025剧情《夏》1080p.HD国语中字,https://www.6v520.net//dy/2026-02-26/49006.html,2026-02-26,磁力,magnet:?xt=urn:btih:f003c9f5e8c69295b7964a99cdca12d37cff1c57&dn=%E5%A4%8F.%E7%94%B5%E5%BD%B1%E6%B8%AF%20%E5%9C%B0%E5%9D%80%E5%8F%91%E5%B8%83%E9%A1%B5%20www.dygang.me%20%E6%94%B6%E8%97%8F%E4%B8%8D%E8%BF%B7%E8%B7%AF
2026动作剧情《一个拳手》1080p.HD国语中字,https://www.6v520.net//dy/2026-02-25/49004.html,2026-02-25,磁力,magnet:?xt=urn:btih:78833f909f9a2ecda06a79a0226eb479423f14a5&dn=%E4%B8%80%E4%B8%AA%E6%8B%B3%E6%89%8B.6v%E7%94%B5%E5%BD%B1%20%E5%9C%B0%E5%9D%80%E5%8F%91%E5%B8%83%E9%A1%B5%20www.6v123.net%20%E6%94%B6%E8%97%8F%E4%B8%8D%E8%BF%B7%E8%B7%AF
2025剧情《红豆》1080p.HD中字,https://www.6v520.net//dy/2026-02-16/48936.html,2026-02-25,磁力,magnet:?xt=urn:btih:e5e42c17c8b14023f39510143ffe80068c880846&dn=%E7%BA%A2%E8%B1%86.6v%E7%94%B5%E5%BD%B1%20%E5%9C%B0%E5%9D%80%E5%8F%91%E5%B8%83%E9%A1%B5%20www.6v123.net%20%E6%94%B6%E8%97%8F%E4%B8%8D%E8%BF%B7%E8%B7%AF
2025动作惊悚《空中决战》1080p.HD中字,https://www.6v520.net//dy/2026-02-19/48952.html,2026-02-25,磁力,magnet:?xt=urn:btih:416351b3a0abdd2b7a2badf77b900c990d4b448c&dn=%E7%A9%BA%E4%B8%AD%E5%86%B3%E6%88%98.6v%E7%94%B5%E5%BD%B1%20%E5%9C%B0%E5%9D%80%E5%8F%91%E5%B8%83%E9%A1%B5%20www.6v123.net%20%E6%94%B6%E8%97%8F%E4%B8%8D%E8%BF%B7%E8%B7%AF
2025剧情《蓝调之歌》1080p.BD中英双字,https://www.6v520.net//dy/2026-02-21/48968.html,2026-02-25,磁力,magnet:?xt=urn:btih:1ed811fdb5d80a16d7587966341b48ee930cf3eb&dn=%E8%93%9D%E8%B0%83%E4%B9%8B%E6%AD%8C.6v%E7%94%B5%E5%BD%B1%20%E5%9C%B0%E5%9D%80%E5%8F%91%E5%B8%83%E9%A1%B5%20www.6v123.net%20%E6%94%B6%E8%97%8F%E4%B8%8D%E8%BF%B7%E8%B7%AF
2025爱情喜剧《末日爱情》1080p.HD中英双字,https://www.6v520.net//dy/2026-02-14/48928.html,2026-02-24,磁力,magnet:?xt=urn:btih:b0c1697f0d9890e77890148711a981dd2ff50fe7&dn=%E6%9C%AB%E6%97%A5%E7%88%B1%E6%83%85.6v%E7%94%B5%E5%BD%B1%20%E5%9C%B0%E5%9D%80%E5%8F%91%E5%B8%83%E9%A1%B5%20www.6v123.net%20%E6%94%B6%E8%97%8F%E4%B8%8D%E8%BF%B7%E8%B7%AF
2025恐怖剧情《良人》1080p.BD中英双字,https://www.6v520.net//dy/2025-12-11/48465.html,2026-02-24,磁力,magnet:?xt=urn:btih:de20101822aac64bbb38695f4655ed0d01738cc7&dn=%E8%89%AF%E4%BA%BA.6v%E7%94%B5%E5%BD%B1%20%E5%9C%B0%E5%9D%80%E5%8F%91%E5%B8%83%E9%A1%B5%20www.6v123.net%20%E6%94%B6%E8%97%8F%E4%B8%8D%E8%BF%B7%E8%B7%AF
2025恐怖剧情《良人》1080p.BD中英双字,https://www.6v520.net//dy/2025-12-11/48465.html,2026-02-24,磁力,magnet:?xt=urn:btih:847bc13ee8fa850e0007b2bc3fd291ee2f744563&dn=%E5%AE%88%E6%8A%A4%E8%80%85.6v%E7%94%B5%E5%BD%B1%20%E5%9C%B0%E5%9D%80%E5%8F%91%E5%B8%83%E9%A1%B5%20www.6v123.net%20%E6%94%B6%E8%97%8F%E4%B8%8D%E8%BF%B7%E8%B7%AF
2026剧情《一英里》1080p.HD中英双字,https://www.6v520.net//dy/2026-02-21/48973.html,2026-02-24,磁力,magnet:?xt=urn:btih:74dbb5eb8bef249aa58a36475fbd252ed5d451cc&dn=%E4%B8%80%E8%8B%B1%E9%87%8C.6v%E7%94%B5%E5%BD%B1%20%E5%9C%B0%E5%9D%80%E5%8F%91%E5%B8%83%E9%A1%B5%20www.6v123.net%20%E6%94%B6%E8%97%8F%E4%B8%8D%E8%BF%B7%E8%B7%AF
2025动作《地狱烈焰》1080p.HD中英双字,https://www.6v520.net//dy/2026-02-21/48972.html,2026-02-24,磁力,magnet:?xt=urn:btih:9dd0e210704450a8b838b8a8e84e9e1ae1014e57&dn=%E5%9C%B0%E7%8B%B1%E7%83%88%E7%84%B0.6v%E7%94%B5%E5%BD%B1%20%E5%9C%B0%E5%9D%80%E5%8F%91%E5%B8%83%E9%A1%B5%20www.6v123.net%20%E6%94%B6%E8%97%8F%E4%B8%8D%E8%BF%B7%E8%B7%AF
2026恐怖《可怖之事》1080p.HD中英双字,https://www.6v520.net//dy/2026-02-21/48971.html,2026-02-24,磁力,magnet:?xt=urn:btih:518e015ba9312a20b113a372b79b36b774420954&dn=%E5%8F%AF%E6%80%96%E4%B9%8B%E4%BA%8B.6v%E7%94%B5%E5%BD%B1%20%E5%9C%B0%E5%9D%80%E5%8F%91%E5%B8%83%E9%A1%B5%20www.6v123.net%20%E6%94%B6%E8%97%8F%E4%B8%8D%E8%BF%B7%E8%B7%AF
2026动作《我是卧底》4K.HD国语中字,https://www.6v520.net//dy/2026-02-23/48997.html,2026-02-23,磁力,magnet:?xt=urn:btih:5b3b52a3629a955e31deb5d2f990402b4a573277&dn=%E6%88%91sw%E5%BA%95.2160p.6v%E7%94%B5%E5%BD%B1%20%E5%9C%B0%E5%9D%80%E5%8F%91%E5%B8%83%E9%A1%B5%20www.6v123.net%20%E6%94%B6%E8%97%8F%E4%B8%8D%E8%BF%B7%E8%B7%AF
2026动作《我是卧底》4K.HD国语中字,https://www.6v520.net//dy/2026-02-23/48997.html,2026-02-23,磁力,magnet:?xt=urn:btih:bdcb80a2017e7316254c3b4d50613cdd3d72fb70&dn=%E6%88%91sw%E5%BA%95.6v%E7%94%B5%E5%BD%B1%20%E5%9C%B0%E5%9D%80%E5%8F%91%E5%B8%83%E9%A1%B5%20www.6v123.net%20%E6%94%B6%E8%97%8F%E4%B8%8D%E8%BF%B7%E8%B7%AF
2025剧情《合唱团》1080p.HD中英双字,https://www.6v520.net//dy/2026-02-23/48999.html,2026-02-23,磁力,magnet:?xt=urn:btih:2103f57f1b29a1180edf68155aaa62427b7459f0&dn=%E5%90%88%E5%94%B1%E5%9B%A2.6v%E7%94%B5%E5%BD%B1%20%E5%9C%B0%E5%9D%80%E5%8F%91%E5%B8%83%E9%A1%B5%20www.6v123.net%20%E6%94%B6%E8%97%8F%E4%B8%8D%E8%BF%B7%E8%B7%AF
2026动作《拳凰》1080p.HD国语中字,https://www.6v520.net//dy/2026-02-23/48998.html,2026-02-23,磁力,magnet:?xt=urn:btih:98964a7ad2999c02f6c79298e38dbe62e87bcd9a&dn=%E6%8B%B3%E5%87%B0.6v%E7%94%B5%E5%BD%B1%20%E5%9C%B0%E5%9D%80%E5%8F%91%E5%B8%83%E9%A1%B5%20www.6v123.net%20%E6%94%B6%E8%97%8F%E4%B8%8D%E8%BF%B7%E8%B7%AF
2025惊悚剧情《纽伦堡》1080p.BD中英双字,https://www.6v520.net//dy/2025-12-25/48553.html,2026-02-23,磁力,magnet:?xt=urn:btih:d954ae6c1c76f0e4b58a39f2978a8a264b73a695&dn=%E7%BA%BD%E4%BC%A6%E5%A0%A1.6v%E7%94%B5%E5%BD%B1%20%E5%9C%B0%E5%9D%80%E5%8F%91%E5%B8%83%E9%A1%B5%20www.6v123.net%20%E6%94%B6%E8%97%8F%E4%B8%8D%E8%BF%B7%E8%B7%AF
2025惊悚剧情《纽伦堡》1080p.BD中英双字,https://www.6v520.net//dy/2025-12-25/48553.html,2026-02-23,磁力,magnet:?xt=urn:btih:be6d0660fd2f883f32658c238b210c6dab61ed7c&dn=%E7%BA%BD%E4%BC%A6%E5%A0%A1.6v%E7%94%B5%E5%BD%B1%20%E5%9C%B0%E5%9D%80%E5%8F%91%E5%B8%83%E9%A1%B5%20www.6v123.net%20%E6%94%B6%E8%97%8F%E4%B8%8D%E8%BF%B7%E8%B7%AF
2025动作奇幻《寻秦记》4K.国粤双语.HD中字,https://www.6v520.net//dy/2026-02-21/48967.html,2026-02-22,在线观看,https://www.66ss.org/dongzuopian/28146.html
2025动作奇幻《寻秦记》4K.国粤双语.HD中字,https://www.6v520.net//dy/2026-02-21/48967.html,2026-02-22,磁力,magnet:?xt=urn:btih:3037e9036a54863ed34ee487e87a095523882fe6&dn=%E5%AF%BB%E7%A7%A6%E8%AE%B0.2160p%E9%AB%98%E7%A0%81%E7%89%88.%E7%94%B5%E5%BD%B1%E6%B8%AF%20%E5%9C%B0%E5%9D%80%E5%8F%91%E5%B8%83%E9%A1%B5%20www.dygang.me%20%E6%94%B6%E8%97%8F%E4%B8%8D%E8%BF%B7%E8%B7%AF
2025动作奇幻《寻秦记》4K.国粤双语.HD中字,https://www.6v520.net//dy/2026-02-21/48967.html,2026-02-22,磁力：  音轨已经修,magnet:?xt=urn:btih:270cb2d48f07933ff104d95ba67a8579f5d66e05&dn=xqj.1080p.%E7%94%B5%E5%BD%B1%E6%B8%AF%20%E5%9C%B0%E5%9D%80%E5%8F%91%E5%B8%83%E9%A1%B5%20www.dygang.me%20%E6%94%B6%E8%97%8F%E4%B8%8D%E8%BF%B7%E8%B7%AF
2025动作奇幻《寻秦记》4K.国粤双语.HD中字,https://www.6v520.net//dy/2026-02-21/48967.html,2026-02-22,磁力,magnet:?xt=urn:btih:a968cddd41209512d4b307268c29a715b8c175b3&dn=xqj.2160p.%E7%94%B5%E5%BD%B1%E6%B8%AF%20%E5%9C%B0%E5%9D%80%E5%8F%91%E5%B8%83%E9%A1%B5%20www.dygang.me%20%E6%94%B6%E8%97%8F%E4%B8%8D%E8%BF%B7%E8%B7%AF
2025动作奇幻《寻秦记》4K.国粤双语.HD中字,https://www.6v520.net//dy/2026-02-21/48967.html,2026-02-22,磁力,magnet:?xt=urn:btih:61aa5481b6e121592669ca77ba3acb827cf0bd1d&dn=xqj.2160p.60fps.HDR.%E7%94%B5%E5%BD%B1%E6%B8%AF%20%E5%9C%B0%E5%9D%80%E5%8F%91%E5%B8%83%E9%A1%B5%20www.dygang.me%20%E6%94%B6%E8%97%8F%E4%B8%8D%E8%BF%B7%E8%B7%AF
2025动作奇幻《寻秦记》4K.国粤双语.HD中字,https://www.6v520.net//dy/2026-02-21/48967.html,2026-02-22,磁力,magnet:?xt=urn:btih:f37665efefdb6c521a78608d23717f81690224a9&dn=xqj.2160p.60fps.%E7%94%B5%E5%BD%B1%E6%B8%AF%20%E5%9C%B0%E5%9D%80%E5%8F%91%E5%B8%83%E9%A1%B5%20www.dygang.me%20%E6%94%B6%E8%97%8F%E4%B8%8D%E8%BF%B7%E8%B7%AF
2026剧情《正义救赎》4K.HD国语中字,https://www.6v520.net//dy/2026-02-22/48993.html,2026-02-22,磁力,magnet:?xt=urn:btih:e88aa8b29616ae00a25649ce3b7ecac06d5085fd&dn=%E6%AD%A3%E4%B9%89%E6%95%91%E8%B5%8E.1080p.%E7%94%B5%E5%BD%B1%E6%B8%AF%20%E5%9C%B0%E5%9D%80%E5%8F%91%E5%B8%83%E9%A1%B5%20www.dygang.me%20%E6%94%B6%E8%97%8F%E4%B8%8D%E8%BF%B7%E8%B7%AF
2026剧情《正义救赎》4K.HD国语中字,https://www.6v520.net//dy/2026-02-22/48993.html,2026-02-22,磁力,magnet:?xt=urn:btih:5c32daaf7abdd3ee342a40245a1bfe687f9e3d80&dn=%E6%AD%A3%E4%B9%89%E6%95%91%E8%B5%8E.%E7%94%B5%E5%BD%B1%E6%B8%AF%20%E5%9C%B0%E5%9D%80%E5%8F%91%E5%B8%83%E9%A1%B5%20www.dygang.me%20%E6%94%B6%E8%97%8F%E4%B8%8D%E8%BF%B7%E8%B7%AF
2026动作喜剧《点到为止》4K.HD国语中字,https://www.6v520.net//dy/2026-02-22/48974.html,2026-02-22,在线观看,https://www.66ss.org/xijupian/28154.html
2026动作喜剧《点到为止》4K.HD国语中字,https://www.6v520.net//dy/2026-02-22/48974.html,2026-02-22,磁力,magnet:?xt=urn:btih:be7e0b3baa826cea66c39ecfc481ecd845e139a7&dn=%E7%82%B9dw%E6%AD%A2.2160p.%E7%94%B5%E5%BD%B1%E6%B8%AF%20%E5%9C%B0%E5%9D%80%E5%8F%91%E5%B8%83%E9%A1%B5%20www.dygang.me%20%E6%94%B6%E8%97%8F%E4%B8%8D%E8%BF%B7%E8%B7%AF
2026动作喜剧《点到为止》4K.HD国语中字,https://www.6v520.net//dy/2026-02-22/48974.html,2026-02-22,磁力,magnet:?xt=urn:btih:c6f1a8b37c6f8012d194d0f2f1cbe28f33242608&dn=%E7%82%B9dw%E6%AD%A2.%E7%94%B5%E5%BD%B1%E6%B8%AF%20%E5%9C%B0%E5%9D%80%E5%8F%91%E5%B8%83%E9%A1%B5%20www.dygang.me%20%E6%94%B6%E8%97%8F%E4%B8%8D%E8%BF%B7%E8%B7%AF
2023剧情《第八个嫌疑人》1080p.BD国语中字,https://www.6v520.net//dy/2023-11-04/43087.html,2026-02-22,在线观看,https://www.66ss.org/juqingpian/22247.html
2023剧情《第八个嫌疑人》1080p.BD国语中字,https://www.6v520.net//dy/2023-11-04/43087.html,2026-02-22,磁力：（2.19G,magnet:?xt=urn:btih:dbcda0179bdbdaf6ba8315f4ca5057f7ce41546f&dn=%E7%AC%AC%E5%85%AB%E4%B8%AA%E5%AB%8C%E7%96%91%E4%BA%BA.%E7%94%B5%E5%BD%B1%E6%B8%AF%20%E5%9C%B0%E5%9D%80%E5%8F%91%E5%B8%83%E9%A1%B5%20www.dygang.me%20%E6%94%B6%E8%97%8F%E4%B8%8D%E8%BF%B7%E8%B7%AF
2023剧情《第八个嫌疑人》1080p.BD国语中字,https://www.6v520.net//dy/2023-11-04/43087.html,2026-02-22,磁力：（1.21G,magnet:?xt=urn:btih:8ccef0e31de7906ece540089132b501ad76e2f86&dn=%e7%ac%acbgx%e7%96%91%e4%ba%ba&tr=udp%3a%2f%2fopentracker.i2p.rocks%3a6969%2fannounce&tr=udp%3a%2f%2ftracker.altrosky.nl%3a6969%2fannounce
2023剧情《第八个嫌疑人》1080p.BD国语中字,https://www.6v520.net//dy/2023-11-04/43087.html,2026-02-22,磁力：（2.69G,magnet:?xt=urn:btih:c3eae3675d20a07220f5e326bc3ffbbba83af6c3&dn=%e7%ac%acbgx%e7%96%91%e4%ba%ba.1080p%e9%ab%98%e7%a0%81%e7%89%88&tr=udp%3a%2f%2fopentracker.i2p.rocks%3a6969%2fannounce&tr=udp%3a%2f%2ftracker.altrosky.nl%3a6969%2fannounce
2023剧情《第八个嫌疑人》1080p.BD国语中字,https://www.6v520.net//dy/2023-11-04/43087.html,2026-02-22,磁力：（3.58G,magnet:?xt=urn:btih:84661b7ce0f885aa5438994255ef1163df93ec12&dn=%e7%ac%acbgx%e7%96%91%e4%ba%ba.2160p&tr=udp%3a%2f%2fopentracker.i2p.rocks%3a6969%2fannounce&tr=udp%3a%2f%2ftracker.altrosky.nl%3a6969%2fannounce
2023剧情《第八个嫌疑人》1080p.BD国语中字,https://www.6v520.net//dy/2023-11-04/43087.html,2026-02-22,磁力：（3.99G,magnet:?xt=urn:btih:dffaf5855fa39108c12c91ba27be7938481edb34&dn=%e7%ac%acbgx%e7%96%91%e4%ba%ba.2160p.60fps&tr=udp%3a%2f%2fopentracker.i2p.rocks%3a6969%2fannounce&tr=udp%3a%2f%2ftracker.altrosky.nl%3a6969%2fannounce
2023剧情《第八个嫌疑人》1080p.BD国语中字,https://www.6v520.net//dy/2023-11-04/43087.html,2026-02-22,磁力：（16.03G,magnet:?xt=urn:btih:7b4e6c0a4a1446ec6232f046430ff285dec81ba2&dn=%e7%ac%acbgx%e7%96%91%e4%ba%ba.2160p%e9%ab%98%e7%a0%81%e7%89%88&tr=udp%3a%2f%2fopentracker.i2p.rocks%3a6969%2fannounce&tr=udp%3a%2f%2ftracker.altrosky.nl%3a6969%2fannounce
2025剧情《荣耀嘻哈》1080p.HD中字,https://www.6v520.net//dy/2026-02-19/48948.html,2026-02-22,磁力,magnet:?xt=urn:btih:b7d6421178586f271d79ff970ca12f6601e53f42&dn=%E8%8D%A3%E8%80%80%E5%98%BB%E5%93%88.%E7%94%B5%E5%BD%B1%E6%B8%AF%20%E5%9C%B0%E5%9D%80%E5%8F%91%E5%B8%83%E9%A1%B5%20www.dygang.me%20%E6%94%B6%E8%97%8F%E4%B8%8D%E8%BF%B7%E8%B7%AF
2025爱情喜剧《关你茶室》1080p.HD中字,https://www.6v520.net//dy/2026-02-19/48955.html,2026-02-22,磁力,magnet:?xt=urn:btih:b87b8bec0a1e9a1eedd2a648b04d71bf7e951d16&dn=%E5%85%B3%E4%BD%A0%E8%8C%B6%E5%AE%A4.%E7%94%B5%E5%BD%B1%E6%B8%AF%20%E5%9C%B0%E5%9D%80%E5%8F%91%E5%B8%83%E9%A1%B5%20www.dygang.me%20%E6%94%B6%E8%97%8F%E4%B8%8D%E8%BF%B7%E8%B7%AF
2026动作喜剧《东北警察故事3》4K.HD国语中字,https://www.6v520.net//dy/2026-02-19/48958.html,2026-02-22,磁力,magnet:?xt=urn:btih:3c0e5a530981380eec7b8a054dc411b6882e8315&dn=%E4%B8%9C%E5%8C%97%E8%AD%A6%E5%AF%9F%E6%95%85%E4%BA%8B3.2160p%E9%AB%98%E7%A0%81%E7%89%88.%E7%94%B5%E5%BD%B1%E6%B8%AF%20%E5%9C%B0%E5%9D%80%E5%8F%91%E5%B8%83%E9%A1%B5%20www.dygang.me%20%E6%94%B6%E8%97%8F%E4%B8%8D%E8%BF%B7%E8%B7%AF
2026动作喜剧《东北警察故事3》4K.HD国语中字,https://www.6v520.net//dy/2026-02-19/48958.html,2026-02-22,磁力,magnet:?xt=urn:btih:7e495bd24dae4432e866a44b850370f75c19a118&dn=%E4%B8%9C%E5%8C%97%E8%AD%A6%E5%AF%9F%E6%95%85%E4%BA%8B3.2160p.6v%E7%94%B5%E5%BD%B1%20%E5%9C%B0%E5%9D%80%E5%8F%91%E5%B8%83%E9%A1%B5%20www.6v123.net%20%E6%94%B6%E8%97%8F%E4%B8%8D%E8%BF%B7%E8%B7%AF
2026动作喜剧《东北警察故事3》4K.HD国语中字,https://www.6v520.net//dy/2026-02-19/48958.html,2026-02-22,磁力,magnet:?xt=urn:btih:ca710340b4cae900a61545d6335dfa7c6a00656c&dn=%E4%B8%9C%E5%8C%97%E8%AD%A6%E5%AF%9F%E6%95%85%E4%BA%8B3.6v%E7%94%B5%E5%BD%B1%20%E5%9C%B0%E5%9D%80%E5%8F%91%E5%B8%83%E9%A1%B5%20www.6v123.net%20%E6%94%B6%E8%97%8F%E4%B8%8D%E8%BF%B7%E8%B7%AF
2025剧情《无名指》1080p.国粤双语.BD中字,https://www.6v520.net//dy/2025-11-19/48302.html,2026-02-21,在线观看,https://www.6vdy.org/juqingpian/27490.html
2025剧情《无名指》1080p.国粤双语.BD中字,https://www.6v520.net//dy/2025-11-19/48302.html,2026-02-21,磁力,magnet:?xt=urn:btih:6013bc844bd9e81efa847e76c682918bc5dad07c&dn=%E6%97%A0%E5%90%8D%E6%8C%87.%E7%94%B5%E5%BD%B1%E6%B8%AF%20%E5%9C%B0%E5%9D%80%E5%8F%91%E5%B8%83%E9%A1%B5%20www.dygang.me%20%E6%94%B6%E8%97%8F%E4%B8%8D%E8%BF%B7%E8%B7%AF
2025剧情《无名指》1080p.国粤双语.BD中字,https://www.6v520.net//dy/2025-11-19/48302.html,2026-02-21,磁力,magnet:?xt=urn:btih:0d643a2e2a5f425fcb38480e32069bc19dee9dfb&dn=wmz.6v%E7%94%B5%E5%BD%B1%20%E5%9C%B0%E5%9D%80%E5%8F%91%E5%B8%83%E9%A1%B5%20www.6v123.net%20%E6%94%B6%E8%97%8F%E4%B8%8D%E8%BF%B7%E8%B7%AF
2025剧情《无名指》1080p.国粤双语.BD中字,https://www.6v520.net//dy/2025-11-19/48302.html,2026-02-21,磁力,magnet:?xt=urn:btih:a8e4a989cf88115a8a2660d2396d7c8479950d4c&dn=wmz.2160p.%E7%94%B5%E5%BD%B1%E6%B8%AF%20%E5%9C%B0%E5%9D%80%E5%8F%91%E5%B8%83%E9%A1%B5%20www.dygang.me%20%E6%94%B6%E8%97%8F%E4%B8%8D%E8%BF%B7%E8%B7%AF
2025剧情《无名指》1080p.国粤双语.BD中字,https://www.6v520.net//dy/2025-11-19/48302.html,2026-02-21,磁力,magnet:?xt=urn:btih:aeaae4953b1a88f8351db9380e3eb6c57d13600c&dn=wmz.2160p%E9%AB%98%E7%A0%81%E7%89%88.%E7%94%B5%E5%BD%B1%E6%B8%AF%20%E5%9C%B0%E5%9D%80%E5%8F%91%E5%B8%83%E9%A1%B5%20www.dygang.me%20%E6%94%B6%E8%97%8F%E4%B8%8D%E8%BF%B7%E8%B7%AF
2025剧情《送院途中》1080p.BD粤语中字,https://www.6v520.net//dy/2025-10-22/48074.html,2026-02-21,在线观看,https://www.66ss.org/juqingpian/27245.html
2025剧情《送院途中》1080p.BD粤语中字,https://www.6v520.net//dy/2025-10-22/48074.html,2026-02-21,磁力,magnet:?xt=urn:btih:e0e835d7e1ef26463824013b4d2618d3aecdae73&dn=%E9%80%81%E9%99%A2%E9%80%94%E4%B8%AD.%E7%94%B5%E5%BD%B1%E6%B8%AF%20%E5%9C%B0%E5%9D%80%E5%8F%91%E5%B8%83%E9%A1%B5%20www.dygang.me%20%E6%94%B6%E8%97%8F%E4%B8%8D%E8%BF%B7%E8%B7%AF
2025剧情《送院途中》1080p.BD粤语中字,https://www.6v520.net//dy/2025-10-22/48074.html,2026-02-21,磁力,magnet:?xt=urn:btih:712395f2293a1e7f255d53d673a3507beb049009&dn=%E9%80%81%E9%99%A2%E9%80%94%E4%B8%AD.6v%E7%94%B5%E5%BD%B1%20%E5%9C%B0%E5%9D%80%E5%8F%91%E5%B8%83%E9%A1%B5%20www.6v123.net%20%E6%94%B6%E8%97%8F%E4%B8%8D%E8%BF%B7%E8%B7%AF
2026惊悚剧情《浴火之森》1080p.HD中字,https://www.6v520.net//dy/2026-02-20/48966.html,2026-02-21,磁力,magnet:?xt=urn:btih:561f0bc3554e7a85d268be12ca5ea89c5e84ab6a&dn=%E6%B5%B4%E7%81%AB%E4%B9%8B%E6%A3%AE.%E7%94%B5%E5%BD%B1%E6%B8%AF%20%E5%9C%B0%E5%9D%80%E5%8F%91%E5%B8%83%E9%A1%B5%20www.dygang.me%20%E6%94%B6%E8%97%8F%E4%B8%8D%E8%BF%B7%E8%B7%AF
2026剧情《瑞典救援暗线》1080p.HD中字,https://www.6v520.net//dy/2026-02-20/48963.html,2026-02-21,磁力,magnet:?xt=urn:btih:eac98a771d8a5dbbfff61e42c65b715ab7eb574c&dn=%E7%91%9E%E5%85%B8%E6%95%91%E6%8F%B4%E6%9A%97%E7%BA%BF.%E7%94%B5%E5%BD%B1%E6%B8%AF%20%E5%9C%B0%E5%9D%80%E5%8F%91%E5%B8%83%E9%A1%B5%20www.dygang.me%20%E6%94%B6%E8%97%8F%E4%B8%8D%E8%BF%B7%E8%B7%AF
2026剧情《孔雀舞曲》1080p.HD中字,https://www.6v520.net//dy/2026-02-20/48961.html,2026-02-21,磁力,magnet:?xt=urn:btih:da337318e0dfe4e016426434108397f169f38298&dn=%E5%AD%94%E9%9B%80%E8%88%9E%E6%9B%B2.%E7%94%B5%E5%BD%B1%E6%B8%AF%20%E5%9C%B0%E5%9D%80%E5%8F%91%E5%B8%83%E9%A1%B5%20www.dygang.me%20%E6%94%B6%E8%97%8F%E4%B8%8D%E8%BF%B7%E8%B7%AF
2026纪录片《真相直击：深入全美超模大赛》第一季全,https://www.6v520.net//dy/2026-02-19/48949.html,2026-02-20,磁力,magnet:?xt=urn:btih:f8addad0f5ea5b5b64263227bfb862f52c83f86e&dn=%E7%9C%9F%E7%9B%B8%E7%9B%B4%E5%87%BB%EF%BC%9A%E6%B7%B1%E5%85%A5%E5%85%A8%E7%BE%8E%E8%B6%85%E6%A8%A1%E5%A4%A7%E8%B5%9B%20%E7%AC%AC%E4%B8%80%E5%AD%A3.6v%E7%94%B5%E5%BD%B1%20%E5%9C%B0%E5%9D%80%E5%8F%91%E5%B8%83%E9%A1%B5%20www.6v123.net%20%E6%94%B6%E8%97%8F%E4%B8%8D%E8%BF%B7%E8%B7%AF
2026剧情《一路福星》4K.HD国语中字,https://www.6v520.net//dy/2026-02-19/48959.html,2026-02-19,磁力,magnet:?xt=urn:btih:a9fa72b342c7b6edb3620a002afa5831555e41e7&dn=%E4%B8%80%E8%B7%AF%E7%A6%8F%E6%98%9F.2160p.6v%E7%94%B5%E5%BD%B1%20%E5%9C%B0%E5%9D%80%E5%8F%91%E5%B8%83%E9%A1%B5%20www.6v123.net%20%E6%94%B6%E8%97%8F%E4%B8%8D%E8%BF%B7%E8%B7%AF
2026剧情《一路福星》4K.HD国语中字,https://www.6v520.net//dy/2026-02-19/48959.html,2026-02-19,磁力,magnet:?xt=urn:btih:98e483c6ae988b8b9a2aa692de9140466ac53689&dn=%E4%B8%80%E8%B7%AF%E7%A6%8F%E6%98%9F.6v%E7%94%B5%E5%BD%B1%20%E5%9C%B0%E5%9D%80%E5%8F%91%E5%B8%83%E9%A1%B5%20www.6v123.net%20%E6%94%B6%E8%97%8F%E4%B8%8D%E8%BF%B7%E8%B7%AF
2026剧情《消失的证据》4K.HD国语中字,https://www.6v520.net//dy/2026-02-19/48957.html,2026-02-19,磁力,magnet:?xt=urn:btih:ba187a31d25809b566b81ea8073f826269dd62b2&dn=%E6%B6%88%E5%A4%B1%E7%9A%84%E8%AF%81%E6%8D%AE.2160p.6v%E7%94%B5%E5%BD%B1%20%E5%9C%B0%E5%9D%80%E5%8F%91%E5%B8%83%E9%A1%B5%20www.6v123.net%20%E6%94%B6%E8%97%8F%E4%B8%8D%E8%BF%B7%E8%B7%AF
2026剧情《消失的证据》4K.HD国语中字,https://www.6v520.net//dy/2026-02-19/48957.html,2026-02-19,磁力,magnet:?xt=urn:btih:37f1a575bb53db474b88a63d2aa571353afda667&dn=%E6%B6%88%E5%A4%B1%E7%9A%84%E8%AF%81%E6%8D%AE.6v%E7%94%B5%E5%BD%B1%20%E5%9C%B0%E5%9D%80%E5%8F%91%E5%B8%83%E9%A1%B5%20www.6v123.net%20%E6%94%B6%E8%97%8F%E4%B8%8D%E8%BF%B7%E8%B7%AF
2026惊悚剧情《引魂灯2》1080p.HD国语中字,https://www.6v520.net//dy/2026-02-19/48956.html,2026-02-19,磁力,magnet:?xt=urn:btih:12359586f7ae004a3c53cb4cb38c2dd4bfe22d69&dn=%E5%BC%95%E9%AD%82%E7%81%AF2.6v%E7%94%B5%E5%BD%B1%20%E5%9C%B0%E5%9D%80%E5%8F%91%E5%B8%83%E9%A1%B5%20www.6v123.net%20%E6%94%B6%E8%97%8F%E4%B8%8D%E8%BF%B7%E8%B7%AF
2025剧情《青爱》4K.HD国语中字,https://www.6v520.net//dy/2026-02-19/48950.html,2026-02-19,磁力,magnet:?xt=urn:btih:9658952e52bb2c416bcf6756c35da40a6648040e&dn=%E9%9D%92%E7%88%B1.2160p.6v%E7%94%B5%E5%BD%B1%20%E5%9C%B0%E5%9D%80%E5%8F%91%E5%B8%83%E9%A1%B5%20www.6v123.net%20%E6%94%B6%E8%97%8F%E4%B8%8D%E8%BF%B7%E8%B7%AF
2025剧情《青爱》4K.HD国语中字,https://www.6v520.net//dy/2026-02-19/48950.html,2026-02-19,磁力,magnet:?xt=urn:btih:51022a352a0330a3ca14b450cbd602ffd0470de1&dn=%E9%9D%92%E7%88%B1.6v%E7%94%B5%E5%BD%B1%20%E5%9C%B0%E5%9D%80%E5%8F%91%E5%B8%83%E9%A1%B5%20www.6v123.net%20%E6%94%B6%E8%97%8F%E4%B8%8D%E8%BF%B7%E8%B7%AF
2026动作科幻《极限审判》4K.HD中英双字,https://www.6v520.net//dy/2026-02-18/48943.html,2026-02-18,在线观看,https://www.66ss.org/kehuanpian/28133.html
2026动作科幻《极限审判》4K.HD中英双字,https://www.6v520.net//dy/2026-02-18/48943.html,2026-02-18,磁力,magnet:?xt=urn:btih:cb0e245c090d1f9c75daeb6938cc92170a7d5536&dn=%E6%9E%81%E9%99%90%E5%AE%A1%E5%88%A4.2160p.6v%E7%94%B5%E5%BD%B1%20%E5%9C%B0%E5%9D%80%E5%8F%91%E5%B8%83%E9%A1%B5%20www.6v123.net%20%E6%94%B6%E8%97%8F%E4%B8%8D%E8%BF%B7%E8%B7%AF
2026动作科幻《极限审判》4K.HD中英双字,https://www.6v520.net//dy/2026-02-18/48943.html,2026-02-18,磁力,magnet:?xt=urn:btih:f397253d2dd5cd09c521b7dd4fb75ef77e1af69f&dn=%E6%9E%81%E9%99%90%E5%AE%A1%E5%88%A4.6v%E7%94%B5%E5%BD%B1%20%E5%9C%B0%E5%9D%80%E5%8F%91%E5%B8%83%E9%A1%B5%20www.6v123.net%20%E6%94%B6%E8%97%8F%E4%B8%8D%E8%BF%B7%E8%B7%AF
2026恐怖惊悚《惊变28年2：白骨圣殿》4K.HD中英双字,https://www.6v520.net//dy/2026-02-18/48944.html,2026-02-18,磁力,magnet:?xt=urn:btih:c568c0a7e105f71264124757590b3d9d79135782&dn=%E6%83%8A%E5%8F%9828%E5%B9%B42%EF%BC%9A%E7%99%BD%E9%AA%A8%E5%9C%A3%E6%AE%BF.2160p.6v%E7%94%B5%E5%BD%B1%20%E5%9C%B0%E5%9D%80%E5%8F%91%E5%B8%83%E9%A1%B5%20www.6v123.net%20%E6%94%B6%E8%97%8F%E4%B8%8D%E8%BF%B7%E8%B7%AF
2026恐怖惊悚《惊变28年2：白骨圣殿》4K.HD中英双字,https://www.6v520.net//dy/2026-02-18/48944.html,2026-02-18,磁力,magnet:?xt=urn:btih:8feb46d3b22f484b59b2a85b8580d40464158391&dn=%E6%83%8A%E5%8F%9828%E5%B9%B42%EF%BC%9A%E7%99%BD%E9%AA%A8%E5%9C%A3%E6%AE%BF.6v%E7%94%B5%E5%BD%B1%20%E5%9C%B0%E5%9D%80%E5%8F%91%E5%B8%83%E9%A1%B5%20www.6v123.net%20%E6%94%B6%E8%97%8F%E4%B8%8D%E8%BF%B7%E8%B7%AF
2025剧情《震耳欲聋》4K.HD国语中字,https://www.6v520.net//dy/2026-01-09/48648.html,2026-02-18,磁力,magnet:?xt=urn:btih:128e8bab6c47cdf4e7a3035d812c35aa1ac83d02&dn=%E9%9C%87%E8%80%B3%E6%AC%B2%E8%81%8B%E7%BD%91%E9%A3%9E%E7%89%88.6v%E7%94%B5%E5%BD%B1%20%E5%9C%B0%E5%9D%80%E5%8F%91%E5%B8%83%E9%A1%B5%20www.6v123.net%20%E6%94%B6%E8%97%8F%E4%B8%8D%E8%BF%B7%E8%B7%AF
2025剧情《震耳欲聋》4K.HD国语中字,https://www.6v520.net//dy/2026-01-09/48648.html,2026-02-18,磁力,magnet:?xt=urn:btih:93882cbe973bdd0b50455c4367357ed9aa88bd5d&dn=%E9%9C%87%E8%80%B3%E6%AC%B2%E8%81%8B.2160p%E9%AB%98%E7%A0%81%E7%89%88.%E7%94%B5%E5%BD%B1%E6%B8%AF%20%E5%9C%B0%E5%9D%80%E5%8F%91%E5%B8%83%E9%A1%B5%20www.dygang.me%20%E6%94%B6%E8%97%8F%E4%B8%8D%E8%BF%B7%E8%B7%AF
2025剧情《震耳欲聋》4K.HD国语中字,https://www.6v520.net//dy/2026-01-09/48648.html,2026-02-18,磁力,magnet:?xt=urn:btih:ab7cb2a12e6a329f042904a20614e2e28fd4d856&dn=z%E8%80%B3y%E8%81%8B.2160p.%E7%94%B5%E5%BD%B1%E6%B8%AF%20%E5%9C%B0%E5%9D%80%E5%8F%91%E5%B8%83%E9%A1%B5%20www.dygang.me%20%E6%94%B6%E8%97%8F%E4%B8%8D%E8%BF%B7%E8%B7%AF
2025剧情《震耳欲聋》4K.HD国语中字,https://www.6v520.net//dy/2026-01-09/48648.html,2026-02-18,磁力,magnet:?xt=urn:btih:e486ea4587a08eb18d3b08da280377dd2704fcac&dn=z%E8%80%B3y%E8%81%8B.%E7%94%B5%E5%BD%B1%E6%B8%AF%20%E5%9C%B0%E5%9D%80%E5%8F%91%E5%B8%83%E9%A1%B5%20www.dygang.me%20%E6%94%B6%E8%97%8F%E4%B8%8D%E8%BF%B7%E8%B7%AF
2023爱情剧情《回廊亭》4K.HD国语中字,https://www.6v520.net//dy/2023-04-24/41752.html,2026-02-18,在线观看,https://www.66ss.org/aiqingpian/20911.html
2023爱情剧情《回廊亭》4K.HD国语中字,https://www.6v520.net//dy/2023-04-24/41752.html,2026-02-18,磁力,magnet:?xt=urn:btih:6b56c5bfcc88e4dc09259840ab502417fd009f98&dn=%E5%9B%9E%E5%BB%8A%E4%BA%AD.2160p.120Fps.10bit.6v%E7%94%B5%E5%BD%B1%20%E5%9C%B0%E5%9D%80%E5%8F%91%E5%B8%83%E9%A1%B5%20www.6v123.net%20%E6%94%B6%E8%97%8F%E4%B8%8D%E8%BF%B7%E8%B7%AF
2023爱情剧情《回廊亭》4K.HD国语中字,https://www.6v520.net//dy/2023-04-24/41752.html,2026-02-18,磁力,magnet:?xt=urn:btih:032917a9cc2e0f81d357693e03f6711a936ed9a4&dn=%e5%9b%9e%e5%bb%8a%e4%ba%ad&tr=udp%3a%2f%2ftracker.altrosky.nl%3a6969%2fannounce&tr=udp%3a%2f%2fopentracker.i2p.rocks%3a6969%2fannounce
2025动作剧情《内幕》4K.国粤双语.HD中字,https://www.6v520.net//dy/2026-02-09/48890.html,2026-02-18,磁力,magnet:?xt=urn:btih:d4245b8f621aabbdbca3ac19c6d60d6eaec22163&dn=%E5%86%85%E5%B9%95.6v%E7%94%B5%E5%BD%B1%20%E5%9C%B0%E5%9D%80%E5%8F%91%E5%B8%83%E9%A1%B5%20www.6v123.com%20%E6%94%B6%E8%97%8F%E4%B8%8D%E8%BF%B7%E8%B7%AF
2025动作剧情《内幕》4K.国粤双语.HD中字,https://www.6v520.net//dy/2026-02-09/48890.html,2026-02-18,磁力,magnet:?xt=urn:btih:db2bf8c27c53e59177cdbeed8a3cabe052b99dc7&dn=nm.2160p.6v%E7%94%B5%E5%BD%B1%20%E5%9C%B0%E5%9D%80%E5%8F%91%E5%B8%83%E9%A1%B5%20www.6v123.net%20%E6%94%B6%E8%97%8F%E4%B8%8D%E8%BF%B7%E8%B7%AF
2025动作剧情《内幕》4K.国粤双语.HD中字,https://www.6v520.net//dy/2026-02-09/48890.html,2026-02-18,磁力,magnet:?xt=urn:btih:acd1a9d6b960a79246dbc04eff91d322e01664fe&dn=nm.6v%E7%94%B5%E5%BD%B1%20%E5%9C%B0%E5%9D%80%E5%8F%91%E5%B8%83%E9%A1%B5%20www.6v123.net%20%E6%94%B6%E8%97%8F%E4%B8%8D%E8%BF%B7%E8%B7%AF
2025喜剧《你行！你上！》4K.HD国语中字,https://www.6v520.net//dy/2026-02-13/48922.html,2026-02-18,在线观看,https://www.66ss.org/xijupian/28107.html
2025喜剧《你行！你上！》4K.HD国语中字,https://www.6v520.net//dy/2026-02-13/48922.html,2026-02-18,磁力,magnet:?xt=urn:btih:c316cd8aeb1b52825aca3176338069e3d830a001&dn=%E4%BD%A0%E8%A1%8C%EF%BC%81%E4%BD%A0%E4%B8%8A%EF%BC%81.6v%E7%94%B5%E5%BD%B1%20%E5%9C%B0%E5%9D%80%E5%8F%91%E5%B8%83%E9%A1%B5%20www.6v123.net%20%E6%94%B6%E8%97%8F%E4%B8%8D%E8%BF%B7%E8%B7%AF
2025喜剧《你行！你上！》4K.HD国语中字,https://www.6v520.net//dy/2026-02-13/48922.html,2026-02-18,磁力,magnet:?xt=urn:btih:4532bba698e60a55571ac2ea71c09d8a8b11ec51&dn=nxns.6v%E7%94%B5%E5%BD%B1%20%E5%9C%B0%E5%9D%80%E5%8F%91%E5%B8%83%E9%A1%B5%20www.6v123.net%20%E6%94%B6%E8%97%8F%E4%B8%8D%E8%BF%B7%E8%B7%AF
2025喜剧《你行！你上！》4K.HD国语中字,https://www.6v520.net//dy/2026-02-13/48922.html,2026-02-18,磁力,magnet:?xt=urn:btih:363df6190a64c580ab216591fec0126ccff75c55&dn=nxns.2160p.6v%E7%94%B5%E5%BD%B1%20%E5%9C%B0%E5%9D%80%E5%8F%91%E5%B8%83%E9%A1%B5%20www.6v123.net%20%E6%94%B6%E8%97%8F%E4%B8%8D%E8%BF%B7%E8%B7%AF
2025战争剧情《得闲谨制》4K.HD国语中字,https://www.6v520.net//dy/2026-02-17/48942.html,2026-02-18,在线观看,https://www.66ss.org/zhanzhengpian/28131.html
2025战争剧情《得闲谨制》4K.HD国语中字,https://www.6v520.net//dy/2026-02-17/48942.html,2026-02-18,磁力,magnet:?xt=urn:btih:d9862e1c9dcf9878c7cee7d2370bb7bbebdb23d1&dn=%E5%BE%97xz%E5%88%B6.2160p.265.60fps.HDR.6v%E7%94%B5%E5%BD%B1%20%E5%9C%B0%E5%9D%80%E5%8F%91%E5%B8%83%E9%A1%B5%20www.6v123.net%20%E6%94%B6%E8%97%8F%E4%B8%8D%E8%BF%B7%E8%B7%AF
2025战争剧情《得闲谨制》4K.HD国语中字,https://www.6v520.net//dy/2026-02-17/48942.html,2026-02-18,磁力,magnet:?xt=urn:btih:12a32db768e53e385ae6023bb3a59fbc5d9d66fa&dn=%E5%BE%97xz%E5%88%B6.2160p.6v%E7%94%B5%E5%BD%B1%20%E5%9C%B0%E5%9D%80%E5%8F%91%E5%B8%83%E9%A1%B5%20www.6v123.net%20%E6%94%B6%E8%97%8F%E4%B8%8D%E8%BF%B7%E8%B7%AF
2025战争剧情《得闲谨制》4K.HD国语中字,https://www.6v520.net//dy/2026-02-17/48942.html,2026-02-18,磁力,magnet:?xt=urn:btih:30c61ce241eeb153c375aa970696126a1c48ec16&dn=%E5%BE%97xz%E5%88%B6.6v%E7%94%B5%E5%BD%B1%20%E5%9C%B0%E5%9D%80%E5%8F%91%E5%B8%83%E9%A1%B5%20www.6v123.net%20%E6%94%B6%E8%97%8F%E4%B8%8D%E8%BF%B7%E8%B7%AF
2026爱情喜剧《情境式关系：只组CP不恋爱》1080p.HD中字,https://www.6v520.net//dy/2026-02-14/48932.html,2026-02-17,磁力,magnet:?xt=urn:btih:1ebe2370d9b1fb3038105eb9fc51010eb7da0908&dn=%E6%83%85%E5%A2%83%E5%BC%8F%E5%85%B3%E7%B3%BB%EF%BC%9A%E5%8F%AA%E7%BB%84CP%E4%B8%8D%E6%81%8B%E7%88%B1.6v%E7%94%B5%E5%BD%B1%20%E5%9C%B0%E5%9D%80%E5%8F%91%E5%B8%83%E9%A1%B5%20www.6v123.net%20%E6%94%B6%E8%97%8F%E4%B8%8D%E8%BF%B7%E8%B7%AF
2026爱情《爱我爱我》1080p.HD中字,https://www.6v520.net//dy/2026-02-16/48938.html,2026-02-17,磁力,magnet:?xt=urn:btih:4476eac0157f49b2b376582695b08402ca6e2481&dn=%E7%88%B1%E6%88%91%E7%88%B1%E6%88%91.6v%E7%94%B5%E5%BD%B1%20%E5%9C%B0%E5%9D%80%E5%8F%91%E5%B8%83%E9%A1%B5%20www.6v123.net%20%E6%94%B6%E8%97%8F%E4%B8%8D%E8%BF%B7%E8%B7%AF
2026喜剧《解决专家》4K.HD国语中字,https://www.6v520.net//dy/2026-02-15/48933.html,2026-02-16,磁力,magnet:?xt=urn:btih:392968db8753fd7fde51343e15d078b45966dfb5&dn=%E8%A7%A3%E5%86%B3%E4%B8%93%E5%AE%B6.2160p.6v%E7%94%B5%E5%BD%B1%20%E5%9C%B0%E5%9D%80%E5%8F%91%E5%B8%83%E9%A1%B5%20www.6v123.net%20%E6%94%B6%E8%97%8F%E4%B8%8D%E8%BF%B7%E8%B7%AF
2026喜剧《解决专家》4K.HD国语中字,https://www.6v520.net//dy/2026-02-15/48933.html,2026-02-16,磁力,magnet:?xt=urn:btih:c3c629f68ec864644628ac0f865be5e810aede05&dn=%E8%A7%A3%E5%86%B3%E4%B8%93%E5%AE%B6.6v%E7%94%B5%E5%BD%B1%20%E5%9C%B0%E5%9D%80%E5%8F%91%E5%B8%83%E9%A1%B5%20www.6v123.net%20%E6%94%B6%E8%97%8F%E4%B8%8D%E8%BF%B7%E8%B7%AF
2025剧情《袋鼠岛》1080p.HD中英双字,https://www.6v520.net//dy/2026-02-08/48878.html,2026-02-16,磁力,magnet:?xt=urn:btih:3cf54cc8f53696d0bf8482ecfe92c8922e7b14f1&dn=%E8%A2%8B%E9%BC%A0%E5%B2%9B.6v%E7%94%B5%E5%BD%B1%20%E5%9C%B0%E5%9D%80%E5%8F%91%E5%B8%83%E9%A1%B5%20www.6v123.net%20%E6%94%B6%E8%97%8F%E4%B8%8D%E8%BF%B7%E8%B7%AF
2025高分剧情《欣德·拉贾布之声》1080p.HD中英双字,https://www.6v520.net//dy/2026-02-08/48873.html,2026-02-16,磁力,magnet:?xt=urn:btih:27871af2b92a5fb8a247a6f84483af22f2d80acf&dn=%E6%AC%A3%E5%BE%B7%C2%B7%E6%8B%89%E8%B4%BE%E5%B8%83%E4%B9%8B%E5%A3%B0.6v%E7%94%B5%E5%BD%B1%20%E5%9C%B0%E5%9D%80%E5%8F%91%E5%B8%83%E9%A1%B5%20www.6v123.net%20%E6%94%B6%E8%97%8F%E4%B8%8D%E8%BF%B7%E8%B7%AF
2025喜剧《静音邻居》1080p.HD中字,https://www.6v520.net//dy/2026-02-08/48869.html,2026-02-16,磁力,magnet:?xt=urn:btih:4d464870ce23d0c372b2db1a558d5f22ffaef063&dn=%E9%9D%99%E9%9F%B3%E9%82%BB%E5%B1%85.6v%E7%94%B5%E5%BD%B1%20%E5%9C%B0%E5%9D%80%E5%8F%91%E5%B8%83%E9%A1%B5%20www.6v123.net%20%E6%94%B6%E8%97%8F%E4%B8%8D%E8%BF%B7%E8%B7%AF
2025剧情《平原上的迷途》1080p.HD中英双字,https://www.6v520.net//dy/2026-02-09/48894.html,2026-02-16,磁力,magnet:?xt=urn:btih:4c7280dd8a0c86e18125424396eadfebfc444be3&dn=%E5%B9%B3%E5%8E%9F%E4%B8%8A%E7%9A%84%E8%BF%B7%E9%80%94.6v%E7%94%B5%E5%BD%B1%20%E5%9C%B0%E5%9D%80%E5%8F%91%E5%B8%83%E9%A1%B5%20www.6v123.net%20%E6%94%B6%E8%97%8F%E4%B8%8D%E8%BF%B7%E8%B7%AF
2026喜爱情剧《东北恋哥3：冬天里的一把火》4K.HD国语中字,https://www.6v520.net//dy/2026-02-13/48921.html,2026-02-15,磁力,magnet:?xt=urn:btih:8ba3252c85f9137f6d12598a1e2e71a378442024&dn=%E4%B8%9C%E5%8C%97%E6%81%8B%E5%93%A53%EF%BC%9A%E5%86%AC%E5%A4%A9%E9%87%8C%E7%9A%84%E4%B8%80%E6%8A%8A%E7%81%AB.2160p.6v%E7%94%B5%E5%BD%B1%20%E5%9C%B0%E5%9D%80%E5%8F%91%E5%B8%83%E9%A1%B5%20www.6v123.net%20%E6%94%B6%E8%97%8F%E4%B8%8D%E8%BF%B7%E8%B7%AF
2026喜爱情剧《东北恋哥3：冬天里的一把火》4K.HD国语中字,https://www.6v520.net//dy/2026-02-13/48921.html,2026-02-15,磁力,magnet:?xt=urn:btih:415843b8284b2032fd9d75d480813a3aa23f33e9&dn=%E4%B8%9C%E5%8C%97%E6%81%8B%E5%93%A53%EF%BC%9A%E5%86%AC%E5%A4%A9%E9%87%8C%E7%9A%84%E4%B8%80%E6%8A%8A%E7%81%AB.6v%E7%94%B5%E5%BD%B1%20%E5%9C%B0%E5%9D%80%E5%8F%91%E5%B8%83%E9%A1%B5%20www.6v123.net%20%E6%94%B6%E8%97%8F%E4%B8%8D%E8%BF%B7%E8%B7%AF
2025惊悚剧情《昏迷的凶手》1080p.HD中英双字,https://www.6v520.net//dy/2026-02-11/48909.html,2026-02-15,磁力,magnet:?xt=urn:btih:0b27cafd9394d75deea15611e1c1914b9606aaf3&dn=%E6%98%8F%E8%BF%B7%E7%9A%84%E5%87%B6%E6%89%8B.6v%E7%94%B5%E5%BD%B1%20%E5%9C%B0%E5%9D%80%E5%8F%91%E5%B8%83%E9%A1%B5%20www.6v123.net%20%E6%94%B6%E8%97%8F%E4%B8%8D%E8%BF%B7%E8%B7%AF
2024喜剧剧情《钻石般的她》1080p.HD中字,https://www.6v520.net//dy/2026-02-08/48862.html,2026-02-15,磁力,magnet:?xt=urn:btih:85f9a5db04b3fbc6b7fa65dc2e261e0a8139039e&dn=%E9%92%BB%E7%9F%B3%E8%88%AC%E7%9A%84%E5%A5%B9.6v%E7%94%B5%E5%BD%B1%20%E5%9C%B0%E5%9D%80%E5%8F%91%E5%B8%83%E9%A1%B5%20www.6v123.net%20%E6%94%B6%E8%97%8F%E4%B8%8D%E8%BF%B7%E8%B7%AF
2025恐怖剧情《折磨》1080p.HD中字,https://www.6v520.net//dy/2026-02-08/48879.html,2026-02-15,磁力,magnet:?xt=urn:btih:13c9eb142d8a5c4916bc7abb82fcb5c83ee0c570&dn=%E6%8A%98%E7%A3%A8.6v%E7%94%B5%E5%BD%B1%20%E5%9C%B0%E5%9D%80%E5%8F%91%E5%B8%83%E9%A1%B5%20www.6v123.net%20%E6%94%B6%E8%97%8F%E4%B8%8D%E8%BF%B7%E8%B7%AF
2025爱情剧情《QB坏男孩和我2》1080p.HD中字,https://www.6v520.net//dy/2026-02-08/48882.html,2026-02-15,磁力,magnet:?xt=urn:btih:e59591dece563e1d130aa80a0962543b071f968f&dn=QB%E5%9D%8F%E7%94%B7%E5%AD%A9%E5%92%8C%E6%88%912.6v%E7%94%B5%E5%BD%B1%20%E5%9C%B0%E5%9D%80%E5%8F%91%E5%B8%83%E9%A1%B5%20www.6v123.net%20%E6%94%B6%E8%97%8F%E4%B8%8D%E8%BF%B7%E8%B7%AF
2026爱情奇幻《蛛仙》1080p.HD国语中字,https://www.6v520.net//dy/2026-02-14/48930.html,2026-02-14,磁力,magnet:?xt=urn:btih:4aba15dcad8417354925d844eae1a36dfe0b8983&dn=%E8%9B%9B%E4%BB%99.6v%E7%94%B5%E5%BD%B1%20%E5%9C%B0%E5%9D%80%E5%8F%91%E5%B8%83%E9%A1%B5%20www.6v123.com%20%E6%94%B6%E8%97%8F%E4%B8%8D%E8%BF%B7%E8%B7%AF
2026爱情喜剧《去你的情人节》1080p.HD中英双字,https://www.6v520.net//dy/2026-02-08/48877.html,2026-02-14,磁力,magnet:?xt=urn:btih:13b70fbf33f90256b75705c871379e70b0e92412&dn=%E5%8E%BB%E4%BD%A0%E7%9A%84%E6%83%85%E4%BA%BA%E8%8A%82.6v%E7%94%B5%E5%BD%B1%20%E5%9C%B0%E5%9D%80%E5%8F%91%E5%B8%83%E9%A1%B5%20www.6v123.com%20%E6%94%B6%E8%97%8F%E4%B8%8D%E8%BF%B7%E8%B7%AF
2026喜剧《爷孙大学路》1080p.HD中字,https://www.6v520.net//dy/2026-02-13/48924.html,2026-02-14,磁力,magnet:?xt=urn:btih:4f9073fad75386dcdca0ff766524b7d409c5d406&dn=%E7%88%B7%E5%AD%99%E5%A4%A7%E5%AD%A6%E8%B7%AF.6v%E7%94%B5%E5%BD%B1%20%E5%9C%B0%E5%9D%80%E5%8F%91%E5%B8%83%E9%A1%B5%20www.6v123.com%20%E6%94%B6%E8%97%8F%E4%B8%8D%E8%BF%B7%E8%B7%AF
2025剧情《骗徒与致命婚宴》1080p.HD中英双字,https://www.6v520.net//dy/2026-02-08/48863.html,2026-02-14,磁力,magnet:?xt=urn:btih:3b2d1729d6208612eb2f2aafc34b893dd096d0f9&dn=%E9%AA%97%E5%BE%92%E4%B8%8E%E8%87%B4%E5%91%BD%E5%A9%9A%E5%AE%B4.6v%E7%94%B5%E5%BD%B1%20%E5%9C%B0%E5%9D%80%E5%8F%91%E5%B8%83%E9%A1%B5%20www.6v123.com%20%E6%94%B6%E8%97%8F%E4%B8%8D%E8%BF%B7%E8%B7%AF
2025剧情《欢乐岁月》1080p.HD中英双字,https://www.6v520.net//dy/2026-02-08/48871.html,2026-02-14,磁力,magnet:?xt=urn:btih:a5da0dd260d6a3be6be387244c8caaeeb3d7fd74&dn=%E6%AC%A2%E4%B9%90%E5%B2%81%E6%9C%88.6v%E7%94%B5%E5%BD%B1%20%E5%9C%B0%E5%9D%80%E5%8F%91%E5%B8%83%E9%A1%B5%20www.6v123.com%20%E6%94%B6%E8%97%8F%E4%B8%8D%E8%BF%B7%E8%B7%AF
2025惊悚剧情《荒芜之地》1080p.HD中字,https://www.6v520.net//dy/2026-02-08/48870.html,2026-02-14,磁力,magnet:?xt=urn:btih:34cb3e7b4a5d11690ba504bc7c70c1b8a21841c3&dn=%E8%8D%92%E8%8A%9C%E4%B9%8B%E5%9C%B0.6v%E7%94%B5%E5%BD%B1%20%E5%9C%B0%E5%9D%80%E5%8F%91%E5%B8%83%E9%A1%B5%20www.6v123.com%20%E6%94%B6%E8%97%8F%E4%B8%8D%E8%BF%B7%E8%B7%AF
2025惊悚剧情《真理与背叛》1080p.BD中英双字,https://www.6v520.net//dy/2026-01-08/48630.html,2026-02-13,磁力,magnet:?xt=urn:btih:053eb93c7443b45fe1530056da39d993f7af5d62&dn=%E7%9C%9F%E7%90%86%E4%B8%8E%E8%83%8C%E5%8F%9B.6v%E7%94%B5%E5%BD%B1%20%E5%9C%B0%E5%9D%80%E5%8F%91%E5%B8%83%E9%A1%B5%20www.6v123.net%20%E6%94%B6%E8%97%8F%E4%B8%8D%E8%BF%B7%E8%B7%AF
2025惊悚剧情《真理与背叛》1080p.BD中英双字,https://www.6v520.net//dy/2026-01-08/48630.html,2026-02-13,磁力,magnet:?xt=urn:btih:59d9d5c2fccb5831ba363fb078b4f1b0a3819914&dn=%E7%9C%9F%E7%90%86%E4%B8%8E%E8%83%8C%E5%8F%9B.6v%E7%94%B5%E5%BD%B1%20%E5%9C%B0%E5%9D%80%E5%8F%91%E5%B8%83%E9%A1%B5%20www.6v123.net%20%E6%94%B6%E8%97%8F%E4%B8%8D%E8%BF%B7%E8%B7%AF
2026动作《怒袭》1080p.HD国语中字,https://www.6v520.net//dy/2026-02-13/48923.html,2026-02-13,磁力,magnet:?xt=urn:btih:d65678057883115dc51a462dfa4a6b2919075559&dn=%E6%80%92%E8%A2%AD.6v%E7%94%B5%E5%BD%B1%20%E5%9C%B0%E5%9D%80%E5%8F%91%E5%B8%83%E9%A1%B5%20www.6v123.net%20%E6%94%B6%E8%97%8F%E4%B8%8D%E8%BF%B7%E8%B7%AF
2026纪录片《闪耀金牌梦：冬奥双人冰舞》1080p.HD中字,https://www.6v520.net//dy/2026-02-12/48915.html,2026-02-13,磁力,magnet:?xt=urn:btih:8d5245f9b7e4ab30e90112b4ec57e6c2f938adc1&dn=%E9%97%AA%E8%80%80%E9%87%91%E7%89%8C%E6%A2%A6%EF%BC%9A%E5%86%AC%E5%A5%A5%E5%8F%8C%E4%BA%BA%E5%86%B0%E8%88%9E.6v%E7%94%B5%E5%BD%B1%20%E5%9C%B0%E5%9D%80%E5%8F%91%E5%B8%83%E9%A1%B5%20www.6v123.net%20%E6%94%B6%E8%97%8F%E4%B8%8D%E8%BF%B7%E8%B7%AF
2026高分剧情《陌生人》1080p.HD中英双字,https://www.6v520.net//dy/2026-02-12/48919.html,2026-02-12,磁力,magnet:?xt=urn:btih:4e89be5c7f19fca89d0a2f9925f9533a5ed75c04&dn=%E9%99%8C%E7%94%9F%E4%BA%BA.6v%E7%94%B5%E5%BD%B1%20%E5%9C%B0%E5%9D%80%E5%8F%91%E5%B8%83%E9%A1%B5%20www.6v123.com%20%E6%94%B6%E8%97%8F%E4%B8%8D%E8%BF%B7%E8%B7%AF
2025恐怖剧情《8号出口》1080p.BD中字,https://www.6v520.net//dy/2026-02-08/48866.html,2026-02-12,磁力,magnet:?xt=urn:btih:d373fcbaeddd8a74c1ca3d95c141eb75711efe6c&dn=8%E5%8F%B7%E5%87%BA%E5%8F%A3.6v%E7%94%B5%E5%BD%B1%20%E5%9C%B0%E5%9D%80%E5%8F%91%E5%B8%83%E9%A1%B5%20www.6v123.com%20%E6%94%B6%E8%97%8F%E4%B8%8D%E8%BF%B7%E8%B7%AF
2024恐怖惊悚《树艺师》1080p.HD中英双字,https://www.6v520.net//dy/2026-02-08/48880.html,2026-02-12,磁力,magnet:?xt=urn:btih:78b5c46e718d3bde00273bb3e9b649f385a8ade3&dn=%E6%A0%91%E8%89%BA%E5%B8%88.6v%E7%94%B5%E5%BD%B1%20%E5%9C%B0%E5%9D%80%E5%8F%91%E5%B8%83%E9%A1%B5%20www.6v123.com%20%E6%94%B6%E8%97%8F%E4%B8%8D%E8%BF%B7%E8%B7%AF
2025喜剧《开麦了吗？》1080p.HD中英双字,https://www.6v520.net//dy/2026-02-12/48918.html,2026-02-12,磁力,magnet:?xt=urn:btih:9952c5ca6351cce8265aab434283a2a10e9acd3b&dn=%E5%BC%80%E9%BA%A6%E4%BA%86%E5%90%97%EF%BC%9F.6v%E7%94%B5%E5%BD%B1%20%E5%9C%B0%E5%9D%80%E5%8F%91%E5%B8%83%E9%A1%B5%20www.6v123.com%20%E6%94%B6%E8%97%8F%E4%B8%8D%E8%BF%B7%E8%B7%AF
2026动作《全面开战：兄弟会》1080p.HD中字,https://www.6v520.net//dy/2026-02-12/48916.html,2026-02-12,磁力,magnet:?xt=urn:btih:a5e7913ede5083f84343b3d96ec0f2c1e2f304fb&dn=%E5%85%A8%E9%9D%A2%E5%BC%80%E6%88%98%EF%BC%9A%E5%85%84%E5%BC%9F%E4%BC%9A.6v%E7%94%B5%E5%BD%B1%20%E5%9C%B0%E5%9D%80%E5%8F%91%E5%B8%83%E9%A1%B5%20www.6v123.com%20%E6%94%B6%E8%97%8F%E4%B8%8D%E8%BF%B7%E8%B7%AF
2025惊悚剧情《被俘的塞万提斯》1080p.HD中字,https://www.6v520.net//dy/2026-02-11/48911.html,2026-02-12,磁力,magnet:?xt=urn:btih:a17ff19ffb77022733c83a245f97db7f4ea1e23e&dn=%E8%A2%AB%E4%BF%98%E7%9A%84%E5%A1%9E%E4%B8%87%E6%8F%90%E6%96%AF.6v%E7%94%B5%E5%BD%B1%20%E5%9C%B0%E5%9D%80%E5%8F%91%E5%B8%83%E9%A1%B5%20www.6v123.com%20%E6%94%B6%E8%97%8F%E4%B8%8D%E8%BF%B7%E8%B7%AF
2025爱情剧情《草莓月亮》1080p.HD中字,https://www.6v520.net//dy/2026-02-10/48903.html,2026-02-12,磁力,magnet:?xt=urn:btih:acd8731f4aa9da1df9056ba7635bf5a405b3538b&dn=%E8%8D%89%E8%8E%93%E6%9C%88%E4%BA%AE.6v%E7%94%B5%E5%BD%B1%20%E5%9C%B0%E5%9D%80%E5%8F%91%E5%B8%83%E9%A1%B5%20www.6v123.com%20%E6%94%B6%E8%97%8F%E4%B8%8D%E8%BF%B7%E8%B7%AF
2026年01月佳片推荐,https://www.6v520.net//dy/2026-02-03/48822.html,2026-02-12,,
2026动作《火拼》4K.国粤双语.HD中字,https://www.6v520.net//dy/2026-02-10/48904.html,2026-02-11,磁力,magnet:?xt=urn:btih:847792139742d2eec541d06bc19dd4d21d13780d&dn=%E7%81%AB%E6%8B%BC.2160p.%E7%94%B5%E5%BD%B1%E6%B8%AF%20%E5%9C%B0%E5%9D%80%E5%8F%91%E5%B8%83%E9%A1%B5%20www.dygang.me%20%E6%94%B6%E8%97%8F%E4%B8%8D%E8%BF%B7%E8%B7%AF
2026动作《火拼》4K.国粤双语.HD中字,https://www.6v520.net//dy/2026-02-10/48904.html,2026-02-11,磁力,magnet:?xt=urn:btih:28791a4f4948c37b03cf39757a35a1ee457fc2d5&dn=%E7%81%AB%E6%8B%BC.%E7%94%B5%E5%BD%B1%E6%B8%AF%20%E5%9C%B0%E5%9D%80%E5%8F%91%E5%B8%83%E9%A1%B5%20www.dygang.me%20%E6%94%B6%E8%97%8F%E4%B8%8D%E8%BF%B7%E8%B7%AF
2024爱情《性梦爱三部曲：爱》1080p.BD中字,https://www.6v520.net//dy/2026-02-11/48912.html,2026-02-11,磁力,magnet:?xt=urn:btih:ed79b332cdd275b937c9be790e6f386265adbfe3&dn=%E6%80%A7%E6%A2%A6%E7%88%B1%E4%B8%89%E9%83%A8%E6%9B%B2%EF%BC%9A%E7%88%B1.%E7%94%B5%E5%BD%B1%E6%B8%AF%20%E5%9C%B0%E5%9D%80%E5%8F%91%E5%B8%83%E9%A1%B5%20www.dygang.me%20%E6%94%B6%E8%97%8F%E4%B8%8D%E8%BF%B7%E8%B7%AF
2026惊悚《猎局反转》1080p.HD中英双字,https://www.6v520.net//dy/2026-02-11/48910.html,2026-02-11,磁力,magnet:?xt=urn:btih:662447bfbbe78981cd21488f11e72f6869f6c78f&dn=%E7%8C%8E%E5%B1%80%E5%8F%8D%E8%BD%AC.%E7%94%B5%E5%BD%B1%E6%B8%AF%20%E5%9C%B0%E5%9D%80%E5%8F%91%E5%B8%83%E9%A1%B5%20www.dygang.me%20%E6%94%B6%E8%97%8F%E4%B8%8D%E8%BF%B7%E8%B7%AF
2025剧情《柔似蜜》1080p.HD中英双字,https://www.6v520.net//dy/2026-02-10/48901.html,2026-02-11,磁力,magnet:?xt=urn:btih:94a9b49dee472730381cc13aaa07140e3870a30b&dn=%E6%9F%94%E4%BC%BC%E8%9C%9C.%E7%94%B5%E5%BD%B1%E6%B8%AF%20%E5%9C%B0%E5%9D%80%E5%8F%91%E5%B8%83%E9%A1%B5%20www.dygang.me%20%E6%94%B6%E8%97%8F%E4%B8%8D%E8%BF%B7%E8%B7%AF
2026奇幻剧情《玄机卫之镇国神鼎》1080p.HD国语中字,https://www.6v520.net//dy/2026-02-11/48907.html,2026-02-11,磁力,magnet:?xt=urn:btih:d53959ce327fab466115be0946c91b5ff41b21f4&dn=%E7%8E%84%E6%9C%BA%E5%8D%AB%E4%B9%8B%E9%95%87%E5%9B%BD%E7%A5%9E%E9%BC%8E.%E7%94%B5%E5%BD%B1%E6%B8%AF%20%E5%9C%B0%E5%9D%80%E5%8F%91%E5%B8%83%E9%A1%B5%20www.dygang.me%20%E6%94%B6%E8%97%8F%E4%B8%8D%E8%BF%B7%E8%B7%AF
2026剧情《这就是我》1080p.HD中字,https://www.6v520.net//dy/2026-02-10/48906.html,2026-02-11,磁力,magnet:?xt=urn:btih:8e0c41a8baab156e0bf678211b34c059a5808461&dn=%E8%BF%99%E5%B0%B1%E6%98%AF%E6%88%91.%E7%94%B5%E5%BD%B1%E6%B8%AF%20%E5%9C%B0%E5%9D%80%E5%8F%91%E5%B8%83%E9%A1%B5%20www.dygang.me%20%E6%94%B6%E8%97%8F%E4%B8%8D%E8%BF%B7%E8%B7%AF
2025科幻恐怖《铁血战士：杀戮之地》1080p.国英双语.BD中英双字,https://www.6v520.net//dy/2025-12-01/48393.html,2026-02-10,磁力,magnet:?xt=urn:btih:63928b72a9145c4102f5eef7a9083a35495015c9&dn=%E9%93%81%E8%A1%80%E6%88%98%E5%A3%AB%EF%BC%9A%E6%9D%80%E6%88%AE%E4%B9%8B%E5%9C%B0.6v%E7%94%B5%E5%BD%B1%20%E5%9C%B0%E5%9D%80%E5%8F%91%E5%B8%83%E9%A1%B5%20www.6v123.com%20%E6%94%B6%E8%97%8F%E4%B8%8D%E8%BF%B7%E8%B7%AF
2025科幻恐怖《铁血战士：杀戮之地》1080p.国英双语.BD中英双字,https://www.6v520.net//dy/2025-12-01/48393.html,2026-02-10,磁力： （美版 正式版,magnet:?xt=urn:btih:80e968b76c44bb96276e0749ba275c1d32503658&dn=%E9%93%81%E8%A1%80%E6%88%98%E5%A3%AB%EF%BC%9A%E6%9D%80%E6%88%AE%E4%B9%8B%E5%9C%B0.2160p.6v%E7%94%B5%E5%BD%B1%20%E5%9C%B0%E5%9D%80%E5%8F%91%E5%B8%83%E9%A1%B5%20www.6v123.net%20%E6%94%B6%E8%97%8F%E4%B8%8D%E8%BF%B7%E8%B7%AF
2025科幻恐怖《铁血战士：杀戮之地》1080p.国英双语.BD中英双字,https://www.6v520.net//dy/2025-12-01/48393.html,2026-02-10,磁力： （美版 正式版,magnet:?xt=urn:btih:9c1d8018c96d3bf094de3efcc742c42fa7fc5008&dn=%E9%93%81%E8%A1%80%E6%88%98%E5%A3%AB%EF%BC%9A%E6%9D%80%E6%88%AE%E4%B9%8B%E5%9C%B0.6v%E7%94%B5%E5%BD%B1%20%E5%9C%B0%E5%9D%80%E5%8F%91%E5%B8%83%E9%A1%B5%20www.6v123.net%20%E6%94%B6%E8%97%8F%E4%B8%8D%E8%BF%B7%E8%B7%AF
2025高分动作《捕风追影》1080p.国粤双语.BD中字,https://www.6v520.net//dy/2025-11-14/48267.html,2026-02-10,在线观看,https://www.66ss.org/dongzuopian/26883.html
2025高分动作《捕风追影》1080p.国粤双语.BD中字,https://www.6v520.net//dy/2025-11-14/48267.html,2026-02-10,磁力,magnet:?xt=urn:btih:7232b2b582dd05b28d7b0c14e57397452df68851&dn=%E6%8D%95%E9%A3%8E%E8%BF%BD%E5%BD%B1.6v%E7%94%B5%E5%BD%B1%20%E5%9C%B0%E5%9D%80%E5%8F%91%E5%B8%83%E9%A1%B5%20www.6v123.com%20%E6%94%B6%E8%97%8F%E4%B8%8D%E8%BF%B7%E8%B7%AF
2025高分动作《捕风追影》1080p.国粤双语.BD中字,https://www.6v520.net//dy/2025-11-14/48267.html,2026-02-10,磁力,magnet:?xt=urn:btih:bcfdcc559e3971beff5fa8d665841568ba388869&dn=%E6%8D%95%E9%A3%8E%E8%BF%BD%E5%BD%B1.6v%E7%94%B5%E5%BD%B1%20%E5%9C%B0%E5%9D%80%E5%8F%91%E5%B8%83%E9%A1%B5%20www.6v123.net%20%E6%94%B6%E8%97%8F%E4%B8%8D%E8%BF%B7%E8%B7%AF
2025高分动作《捕风追影》1080p.国粤双语.BD中字,https://www.6v520.net//dy/2025-11-14/48267.html,2026-02-10,磁力,magnet:?xt=urn:btih:103cd405e6816b66ad5834ab92aa68883aaac6d3&dn=bfzy.6v%E7%94%B5%E5%BD%B1%20%E5%9C%B0%E5%9D%80%E5%8F%91%E5%B8%83%E9%A1%B5%20www.6v123.net%20%E6%94%B6%E8%97%8F%E4%B8%8D%E8%BF%B7%E8%B7%AF
2025高分动作《捕风追影》1080p.国粤双语.BD中字,https://www.6v520.net//dy/2025-11-14/48267.html,2026-02-10,磁力,magnet:?xt=urn:btih:d51023a7e9e7b9fa1154d6688d66db65910539a0&dn=bfzy.2160p.6v%E7%94%B5%E5%BD%B1%20%E5%9C%B0%E5%9D%80%E5%8F%91%E5%B8%83%E9%A1%B5%20www.6v123.net%20%E6%94%B6%E8%97%8F%E4%B8%8D%E8%BF%B7%E8%B7%AF
2025高分动作《捕风追影》1080p.国粤双语.BD中字,https://www.6v520.net//dy/2025-11-14/48267.html,2026-02-10,磁力,magnet:?xt=urn:btih:49c6f6cbf00fe5833cc9bdece0a0b5e0b143c350&dn=bfzy.2160p%E9%AB%98%E7%A0%81%E7%89%88.6v%E7%94%B5%E5%BD%B1%20%E5%9C%B0%E5%9D%80%E5%8F%91%E5%B8%83%E9%A1%B5%20www.6v123.net%20%E6%94%B6%E8%97%8F%E4%B8%8D%E8%BF%B7%E8%B7%AF
2025高分动作《捕风追影》1080p.国粤双语.BD中字,https://www.6v520.net//dy/2025-11-14/48267.html,2026-02-10,磁力,magnet:?xt=urn:btih:013742036c8b0bff48a6c1657ff1fa613291dce6&dn=bfzy.2160p%E9%AB%98%E7%A0%81%E7%89%88.60fps.6v%E7%94%B5%E5%BD%B1%20%E5%9C%B0%E5%9D%80%E5%8F%91%E5%B8%83%E9%A1%B5%20www.6v123.net%20%E6%94%B6%E8%97%8F%E4%B8%8D%E8%BF%B7%E8%B7%AF
2025高分动作《捕风追影》1080p.国粤双语.BD中字,https://www.6v520.net//dy/2025-11-14/48267.html,2026-02-10,磁力,magnet:?xt=urn:btih:f8d90be6d7ae8017c00aa36a8e4ad3a99eda829e&dn=bfzy.2160p%E9%AB%98%E7%A0%81%E7%89%88.120fps.6v%E7%94%B5%E5%BD%B1%20%E5%9C%B0%E5%9D%80%E5%8F%91%E5%B8%83%E9%A1%B5%20www.6v123.net%20%E6%94%B6%E8%97%8F%E4%B8%8D%E8%BF%B7%E8%B7%AF
2025高分动作《捕风追影》1080p.国粤双语.BD中字,https://www.6v520.net//dy/2025-11-14/48267.html,2026-02-10,磁力,magnet:?xt=urn:btih:431453c80ce62cf6af7b51ae093f269e5ef76164&dn=bfzy.6v%E7%94%B5%E5%BD%B1%20%E5%9C%B0%E5%9D%80%E5%8F%91%E5%B8%83%E9%A1%B5%20www.6v123.net%20%E6%94%B6%E8%97%8F%E4%B8%8D%E8%BF%B7%E8%B7%AF
2025高分动作《捕风追影》1080p.国粤双语.BD中字,https://www.6v520.net//dy/2025-11-14/48267.html,2026-02-10,磁力,magnet:?xt=urn:btih:5bd604baec750f08b4ec782fd13f533051b3c601&dn=bfzy.2160p.6v%E7%94%B5%E5%BD%B1%20%E5%9C%B0%E5%9D%80%E5%8F%91%E5%B8%83%E9%A1%B5%20www.6v123.net%20%E6%94%B6%E8%97%8F%E4%B8%8D%E8%BF%B7%E8%B7%AF
2025恐怖《猩疯血雨》1080p.HD中英双字,https://www.6v520.net//dy/2026-02-10/48899.html,2026-02-10,磁力,magnet:?xt=urn:btih:ee89346c930d680dc3c09771cd0ca7f20ac45772&dn=%E7%8C%A9%E7%96%AF%E8%A1%80%E9%9B%A8.6v%E7%94%B5%E5%BD%B1%20%E5%9C%B0%E5%9D%80%E5%8F%91%E5%B8%83%E9%A1%B5%20www.6v123.com%20%E6%94%B6%E8%97%8F%E4%B8%8D%E8%BF%B7%E8%B7%AF
2025剧情《寻砖》1080p.HD国语中字,https://www.6v520.net//dy/2026-02-09/48896.html,2026-02-10,磁力,magnet:?xt=urn:btih:c2bea42455c546329a7d80040d0950b8c7d62916&dn=%E5%AF%BB%E7%A0%96.6v%E7%94%B5%E5%BD%B1%20%E5%9C%B0%E5%9D%80%E5%8F%91%E5%B8%83%E9%A1%B5%20www.6v123.com%20%E6%94%B6%E8%97%8F%E4%B8%8D%E8%BF%B7%E8%B7%AF
2025剧情《竞时出击》1080p.HD国语中字,https://www.6v520.net//dy/2026-02-09/48895.html,2026-02-10,磁力,magnet:?xt=urn:btih:03ac8e454f7b9d5b89239793c2addf8148f3fb95&dn=%E7%AB%9E%E6%97%B6%E5%87%BA%E5%87%BB.6v%E7%94%B5%E5%BD%B1%20%E5%9C%B0%E5%9D%80%E5%8F%91%E5%B8%83%E9%A1%B5%20www.6v123.com%20%E6%94%B6%E8%97%8F%E4%B8%8D%E8%BF%B7%E8%B7%AF
2025剧情《瘟疫》1080p.HD中英双字,https://www.6v520.net//dy/2026-02-08/48875.html,2026-02-10,磁力,magnet:?xt=urn:btih:35a58df5083c7f76051270f1d0d22b0f4ddd384c&dn=%E7%98%9F%E7%96%AB.6v%E7%94%B5%E5%BD%B1%20%E5%9C%B0%E5%9D%80%E5%8F%91%E5%B8%83%E9%A1%B5%20www.6v123.com%20%E6%94%B6%E8%97%8F%E4%B8%8D%E8%BF%B7%E8%B7%AF
2025爱情剧情《哈姆奈特》1080p.HD中英双字,https://www.6v520.net//dy/2026-02-03/48826.html,2026-02-10,磁力,magnet:?xt=urn:btih:c1bac81c8763d1b7a104c8d49786deddcbe1ff5f&dn=%E5%93%88%E5%A7%86%E5%A5%88%E7%89%B9.%E7%94%B5%E5%BD%B1%E6%B8%AF%20%E5%9C%B0%E5%9D%80%E5%8F%91%E5%B8%83%E9%A1%B5%20www.dygang.me%20%E6%94%B6%E8%97%8F%E4%B8%8D%E8%BF%B7%E8%B7%AF
2025爱情剧情《哈姆奈特》1080p.HD中英双字,https://www.6v520.net//dy/2026-02-03/48826.html,2026-02-10,磁力,magnet:?xt=urn:btih:5663da302127d854e375884a043150ef135b90bd&dn=%E5%93%88%E5%A7%86%E5%A5%88%E7%89%B9.6v%E7%94%B5%E5%BD%B1%20%E5%9C%B0%E5%9D%80%E5%8F%91%E5%B8%83%E9%A1%B5%20www.6v123.com%20%E6%94%B6%E8%97%8F%E4%B8%8D%E8%BF%B7%E8%B7%AF
2025高分剧情《恩典》1080p.HD中字,https://www.6v520.net//dy/2026-02-07/48860.html,2026-02-10,在线观看,https://www.66ss.org/juqingpian/28057.html
2025高分剧情《恩典》1080p.HD中字,https://www.6v520.net//dy/2026-02-07/48860.html,2026-02-10,磁力,magnet:?xt=urn:btih:0367a4075b442c5d2c186d16886422cae74cbc97&dn=%E6%81%A9%E5%85%B8.6v%E7%94%B5%E5%BD%B1%20%E5%9C%B0%E5%9D%80%E5%8F%91%E5%B8%83%E9%A1%B5%20www.6v123.com%20%E6%94%B6%E8%97%8F%E4%B8%8D%E8%BF%B7%E8%B7%AF
2025高分剧情《恩典》1080p.HD中字,https://www.6v520.net//dy/2026-02-07/48860.html,2026-02-10,磁力,magnet:?xt=urn:btih:549cc52ec16c14bcdd0c8d49a648a6ec7b188852&dn=%E6%81%A9%E5%85%B8.6v%E7%94%B5%E5%BD%B1%20%E5%9C%B0%E5%9D%80%E5%8F%91%E5%B8%83%E9%A1%B5%20www.6v123.com%20%E6%94%B6%E8%97%8F%E4%B8%8D%E8%BF%B7%E8%B7%AF
2025剧情《走着瞧呗》1080p.HD中字,https://www.6v520.net//dy/2026-02-09/48893.html,2026-02-09,磁力,magnet:?xt=urn:btih:bd15056158c9112347484cc17991f08a8d167d18&dn=%E8%B5%B0%E7%9D%80%E7%9E%A7%E5%91%97.6v%E7%94%B5%E5%BD%B1%20%E5%9C%B0%E5%9D%80%E5%8F%91%E5%B8%83%E9%A1%B5%20www.6v123.com%20%E6%94%B6%E8%97%8F%E4%B8%8D%E8%BF%B7%E8%B7%AF
2026恐怖惊悚《诱惑》1080p.HD中英双字,https://www.6v520.net//dy/2026-02-08/48864.html,2026-02-09,磁力,magnet:?xt=urn:btih:ab5671ce7f2aa59c940477c9c9f45d5a072a3da4&dn=%E8%AF%B1%E6%83%91.6v%E7%94%B5%E5%BD%B1%20%E5%9C%B0%E5%9D%80%E5%8F%91%E5%B8%83%E9%A1%B5%20www.6v123.com%20%E6%94%B6%E8%97%8F%E4%B8%8D%E8%BF%B7%E8%B7%AF
2025剧情《菜肉馄饨》1080p.HD国语中字,https://www.6v520.net//dy/2026-02-09/48892.html,2026-02-09,磁力,magnet:?xt=urn:btih:7399d27f4502da3f4eac3998725ef1c09e7057fc&dn=%E8%8F%9C%E8%82%89%E9%A6%84%E9%A5%A8.6v%E7%94%B5%E5%BD%B1%20%E5%9C%B0%E5%9D%80%E5%8F%91%E5%B8%83%E9%A1%B5%20www.6v123.com%20%E6%94%B6%E8%97%8F%E4%B8%8D%E8%BF%B7%E8%B7%AF
2025动作喜剧《谁想当老大》1080p.HD中字,https://www.6v520.net//dy/2026-02-09/48891.html,2026-02-09,磁力,magnet:?xt=urn:btih:43dc631c468a6058a83676270cf469f71123ffaf&dn=%E8%B0%81%E6%83%B3%E5%BD%93%E8%80%81%E5%A4%A7.6v%E7%94%B5%E5%BD%B1%20%E5%9C%B0%E5%9D%80%E5%8F%91%E5%B8%83%E9%A1%B5%20www.6v123.com%20%E6%94%B6%E8%97%8F%E4%B8%8D%E8%BF%B7%E8%B7%AF
2025爱情《寒棠沁雨》1080p.HD中英双字,https://www.6v520.net//dy/2026-02-08/48881.html,2026-02-09,磁力,magnet:?xt=urn:btih:9f7ca6f1fe20543a4fca3fb86db8eb1ac41675cf&dn=%E5%AF%92%E6%A3%A0%E6%B2%81%E9%9B%A8.6v%E7%94%B5%E5%BD%B1%20%E5%9C%B0%E5%9D%80%E5%8F%91%E5%B8%83%E9%A1%B5%20www.6v123.com%20%E6%94%B6%E8%97%8F%E4%B8%8D%E8%BF%B7%E8%B7%AF
2025惊悚剧情《家弑服务》1080p.HD中英双字,https://www.6v520.net//dy/2026-02-03/48825.html,2026-02-09,在线观看,https://www.66ss.org/aiqingpian/28031.html
2025惊悚剧情《家弑服务》1080p.HD中英双字,https://www.6v520.net//dy/2026-02-03/48825.html,2026-02-09,磁力：官方中英双,magnet:?xt=urn:btih:f3b83b72988eecbcc2d3054cf83d6f12c4876f91&dn=%E5%AE%B6%E5%BC%91%E6%9C%8D%E5%8A%A1.6v%E7%94%B5%E5%BD%B1%20%E5%9C%B0%E5%9D%80%E5%8F%91%E5%B8%83%E9%A1%B5%20www.6v123.com%20%E6%94%B6%E8%97%8F%E4%B8%8D%E8%BF%B7%E8%B7%AF
2025惊悚剧情《家弑服务》1080p.HD中英双字,https://www.6v520.net//dy/2026-02-03/48825.html,2026-02-09,磁力,magnet:?xt=urn:btih:49c2e933b9fc693c942d243b88fca5fdf207625a&dn=%E5%AE%B6%E5%BC%91%E6%9C%8D%E5%8A%A1.%E7%94%B5%E5%BD%B1%E6%B8%AF%20%E5%9C%B0%E5%9D%80%E5%8F%91%E5%B8%83%E9%A1%B5%20www.dygang.me%20%E6%94%B6%E8%97%8F%E4%B8%8D%E8%BF%B7%E8%B7%AF
2025惊悚剧情《暮色围城》1080p.HD中字,https://www.6v520.net//dy/2026-02-08/48885.html,2026-02-08,磁力,magnet:?xt=urn:btih:148144059c64eea0176c6f5e9dc63140388cdf05&dn=%E6%9A%AE%E8%89%B2%E5%9B%B4%E5%9F%8E.6v%E7%94%B5%E5%BD%B1%20%E5%9C%B0%E5%9D%80%E5%8F%91%E5%B8%83%E9%A1%B5%20www.6v123.com%20%E6%94%B6%E8%97%8F%E4%B8%8D%E8%BF%B7%E8%B7%AF
2024纪录片《侠盗猎车哈姆雷特》1080p.HD中英双字,https://www.6v520.net//dy/2026-02-08/48887.html,2026-02-08,磁力,magnet:?xt=urn:btih:60fd19c07ca1681d838c77b57a6b2037c91cfd84&dn=%E4%BE%A0%E7%9B%97%E7%8C%8E%E8%BD%A6%E5%93%88%E5%A7%86%E9%9B%B7%E7%89%B9.6v%E7%94%B5%E5%BD%B1%20%E5%9C%B0%E5%9D%80%E5%8F%91%E5%B8%83%E9%A1%B5%20www.6v123.com%20%E6%94%B6%E8%97%8F%E4%B8%8D%E8%BF%B7%E8%B7%AF
2025恐怖奇幻《界障》1080p.HD中英双字,https://www.6v520.net//dy/2026-02-08/48867.html,2026-02-08,磁力,magnet:?xt=urn:btih:d149815cb3bd209d111e12e9efee9f2cd32613cd&dn=%E7%95%8C%E9%9A%9C.6v%E7%94%B5%E5%BD%B1%20%E5%9C%B0%E5%9D%80%E5%8F%91%E5%B8%83%E9%A1%B5%20www.6v123.com%20%E6%94%B6%E8%97%8F%E4%B8%8D%E8%BF%B7%E8%B7%AF
